old,new,batch,evidence
AllowDisableDolby,settings_allow_disable_dolby,scope,app\src\main\java\com\qimian233\ztool\screens\zuisetting\ZuiSettingsDetailScreen.kt
AllowDisableDolby_summary,settings_allow_disable_dolby_summary,scope,app\src\main\java\com\qimian233\ztool\screens\zuisetting\ZuiSettingsDetailScreen.kt
AndroidVersion,page_home_android_version,page,app\src\main\java\com\qimian233\ztool\screens\home\HomeRoute.kt
ChargeWattsEnableTitle,system_ui_lock_screen_charge_watts_enable_title,scope,app\src\main\java\com\qimian233\ztool\screens\systemui\lockscreen\LockScreenSettingsScreen.kt
ChargeWattsSummary,system_ui_lock_screen_charge_watts_summary,scope,app\src\main\java\com\qimian233\ztool\screens\systemui\lockscreen\LockScreenSettingsScreen.kt
ChargeWattsTitle,system_ui_lock_screen_charge_watts_title,scope,app\src\main\java\com\qimian233\ztool\screens\systemui\lockscreen\LockScreenSettingsScreen.kt
Charge_Animation_Fix,system_ui_animation_charge_animation_fix,scope,app\src\main\java\com\qimian233\ztool\screens\systemui\animation\AnimationWallpaperSettingsScreen.kt
Charge_Animation_Fix_Summary,system_ui_animation_charge_animation_fix_summary,scope,app\src\main\java\com\qimian233\ztool\screens\systemui\animation\AnimationWallpaperSettingsScreen.kt
ControllerDate,system_ui_control_center_controller_date,scope,app\src\main\java\com\qimian233\ztool\screens\systemui\controlcenter\ControlCenterSettingsScreen.kt
ControllerDateFormat,system_ui_control_center_controller_date_format,scope,app\src\main\java\com\qimian233\ztool\screens\systemui\controlcenter\ControlCenterSettingsScreen.kt
CustomDateSettingSummary,system_ui_control_center_custom_date_setting_summary,scope,app\src\main\java\com\qimian233\ztool\screens\systemui\controlcenter\ControlCenterSettingsScreen.kt
CustomDateSettingTitle,system_ui_control_center_custom_date_setting_title,scope,app\src\main\java\com\qimian233\ztool\screens\systemui\controlcenter\ControlCenterSettingsScreen.kt
Device_Model_Disguise,game_tool_device_model_disguise,scope,app\src\main\java\com\qimian233\ztool\screens\gametool\GameToolSettingsScreen.kt
Device_Model_Disguise_summary,game_tool_device_model_disguise_summary,scope,app\src\main\java\com\qimian233\ztool\screens\gametool\GameToolSettingsScreen.kt
Disable_ScanAPK_Summary,package_installer_disable_scan_apk_summary,scope,app\src\main\java\com\qimian233\ztool\screens\packageinstaller\PackageInstallerSettingsScreen.kt
Disable_ScanAPK_Title,package_installer_disable_scan_apk_title,scope,app\src\main\java\com\qimian233\ztool\screens\packageinstaller\PackageInstallerSettingsScreen.kt
Disable_deletePackage_Summary,package_installer_disable_delete_package_summary,scope,app\src\main\java\com\qimian233\ztool\screens\packageinstaller\PackageInstallerSettingsScreen.kt
Disable_deletePackage_Title,package_installer_disable_delete_package_title,scope,app\src\main\java\com\qimian233\ztool\screens\packageinstaller\PackageInstallerSettingsScreen.kt
Disable_installerAD_Summary,package_installer_disable_installer_ad_summary,scope,app\src\main\java\com\qimian233\ztool\screens\packageinstaller\PackageInstallerSettingsScreen.kt
Disable_installerAD_Title,package_installer_disable_installer_ad_title,scope,app\src\main\java\com\qimian233\ztool\screens\packageinstaller\PackageInstallerSettingsScreen.kt
Enable_rowStyle_summary,package_installer_enable_row_style_summary,scope,app\src\main\java\com\qimian233\ztool\screens\packageinstaller\PackageInstallerSettingsScreen.kt
Enable_rowStyle_title,package_installer_enable_row_style_title,scope,app\src\main\java\com\qimian233\ztool\screens\packageinstaller\PackageInstallerSettingsScreen.kt
FIx_CPU_Frequency,game_tool_f_ix_cpu_frequency,scope,app\src\main\java\com\qimian233\ztool\screens\gametool\GameToolSettingsScreen.kt
FIx_CPU_Frequency_summary,game_tool_f_ix_cpu_frequency_summary,scope,app\src\main\java\com\qimian233\ztool\screens\gametool\GameToolSettingsScreen.kt
FindRules,settings_find_rules,scope,app\src\main\java\com\qimian233\ztool\screens\zuisetting\magicwindowsearch\searchPage.kt
FindRules_Hint,settings_find_rules_hint,scope,app\src\main\java\com\qimian233\ztool\screens\zuisetting\magicwindowsearch\searchPage.kt
Fix_SocTemp,game_tool_fix_soc_temp,scope,app\src\main\java\com\qimian233\ztool\screens\gametool\GameToolSettingsScreen.kt
Fix_SocTemp_summary,game_tool_fix_soc_temp_summary,scope,app\src\main\java\com\qimian233\ztool\screens\gametool\GameToolSettingsScreen.kt
Float_app_Mandatory,settings_float_app_mandatory,scope,app\src\main\java\com\qimian233\ztool\screens\zuisetting\ZuiSettingsDetailScreen.kt
Float_app_Mandatory_summary,settings_float_app_mandatory_summary,scope,app\src\main\java\com\qimian233\ztool\screens\zuisetting\ZuiSettingsDetailScreen.kt
Game_Audio_Setting_Title,game_tool_game_audio_setting_title,scope,app\src\main\java\com\qimian233\ztool\screens\gametool\GameToolSettingsScreen.kt
Game_Audio_summary,game_tool_game_audio_summary,scope,app\src\main\java\com\qimian233\ztool\screens\gametool\GameToolSettingsScreen.kt
Game_Audio_title,game_tool_game_audio_title,scope,app\src\main\java\com\qimian233\ztool\screens\gametool\GameToolSettingsScreen.kt
LockScreenSettingTitle,system_ui_lock_screen_setting_title,scope,app\src\main\java\com\qimian233\ztool\screens\systemui\SystemUISettingsScreen.kt
LockScreenSummary,system_ui_lock_screen_summary,scope,app\src\main\java\com\qimian233\ztool\screens\systemui\SystemUISettingsScreen.kt
NativePermissionController_enable_summary,settings_native_permission_controller_enable_summary,scope,app\src\main\java\com\qimian233\ztool\screens\zuisetting\ZuiSettingsDetailScreen.kt
NativePermissionController_enable_title,settings_native_permission_controller_enable_title,scope,app\src\main\java\com\qimian233\ztool\screens\zuisetting\ZuiSettingsDetailScreen.kt
OnlyAllow_Summary,package_installer_only_allow_summary,scope,app\src\main\java\com\qimian233\ztool\screens\packageinstaller\PackageInstallerSettingsScreen.kt
OnlyAllow_Title,package_installer_only_allow_title,scope,app\src\main\java\com\qimian233\ztool\screens\packageinstaller\PackageInstallerSettingsScreen.kt
OtaDisable_summary,system_update_ota_disable_summary,scope,app\src\main\java\com\qimian233\ztool\screens\ota\OtaSettingsScreen.kt
OtaDisable_title,system_update_ota_disable_title,scope,app\src\main\java\com\qimian233\ztool\screens\ota\OtaSettingsScreen.kt
OtaInfoFetch_summary,system_update_ota_info_fetch_summary,scope,app\src\main\java\com\qimian233\ztool\screens\ota\OtaSettingsScreen.kt
OtaInfoFetch_title,system_update_ota_info_fetch_title,scope,app\src\main\java\com\qimian233\ztool\screens\ota\OtaSettingsScreen.kt
Ota_Custom_Params_Desc,system_update_custom_params_desc,scope,app\src\main\java\com\qimian233\ztool\screens\ota\OtaSettingsScreen.kt
Ota_Custom_Params_Title,system_update_custom_params_title,scope,app\src\main\java\com\qimian233\ztool\screens\ota\OtaSettingsScreen.kt
Ota_Setting_Title,system_update_ota_setting_title,scope,app\src\main\java\com\qimian233\ztool\screens\ota\OtaSettingsScreen.kt
PCFlashFirmwareFetch_failed_message,system_update_pc_flash_firmware_fetch_failed_message,scope,app\src\main\java\com\qimian233\ztool\data\ota\OtaSettingsRepository.kt
PCFlashFirmwareFetch_result,system_update_pc_flash_firmware_fetch_result,scope,app\src\main\java\com\qimian233\ztool\screens\ota\OtaSettingsScreen.kt
PCFlashFirmwareFetch_summary,system_update_pc_flash_firmware_fetch_summary,scope,app\src\main\java\com\qimian233\ztool\screens\ota\OtaSettingsScreen.kt
PCFlashFirmwareFetch_title,system_update_pc_flash_firmware_fetch_title,scope,app\src\main\java\com\qimian233\ztool\screens\ota\OtaSettingsScreen.kt
RoleModule_Summary,settings_role_module_summary,scope,app\src\main\java\com\qimian233\ztool\screens\zuisetting\ZuiSettingsDetailScreen.kt
RoleModule_Title,settings_role_module_title,scope,app\src\main\java\com\qimian233\ztool\screens\zuisetting\ZuiSettingsDetailScreen.kt
RulesResult,settings_rules_result,scope,app\src\main\java\com\qimian233\ztool\screens\zuisetting\magicwindowsearch\searchPage.kt
SN_current_machine_hint,system_update_sn_current_machine_hint,scope,app\src\main\java\com\qimian233\ztool\screens\ota\OtaSettingsScreen.kt
SN_default_hint,system_update_sn_default_hint,scope,app\src\main\java\com\qimian233\ztool\screens\ota\OtaSettingsScreen.kt
SearchHint,common_search_hint,common,app\src\main\java\com\qimian233\ztool\utils\AppChooserDialog.kt
SearchRules,settings_search_rules,scope,app\src\main\java\com\qimian233\ztool\screens\zuisetting\magicwindowsearch\searchPage.kt
SelectAllAPP,launcher_select_all_app,scope,app\src\main\java\com\qimian233\ztool\screens\launcher\LauncherSettingsScreen.kt
SelectAllGames,game_tool_select_all_games,scope,app\src\main\java\com\qimian233\ztool\screens\gametool\GameToolSettingsScreen.kt
SelectDefault,common_select_default,common,app\src\main\java\com\qimian233\ztool\screens\gametool\GameToolSettingsScreen.kt;app\src\main\java\com\qimian233\ztool\screens\launcher\LauncherSettingsScreen.kt
SelectGame,game_tool_select_game,scope,app\src\main\java\com\qimian233\ztool\screens\gametool\GameToolSettingsScreen.kt
SelectWhiteList,common_select_white_list,common,app\src\main\java\com\qimian233\ztool\screens\gametool\GameToolSettingsScreen.kt;app\src\main\java\com\qimian233\ztool\screens\launcher\LauncherSettingsScreen.kt
Split_screen_Mandatory_Summary,settings_split_screen_mandatory_summary,scope,app\src\main\java\com\qimian233\ztool\screens\zuisetting\ZuiSettingsDetailScreen.kt
Split_screen_Mandatory_Title,settings_split_screen_mandatory_title,scope,app\src\main\java\com\qimian233\ztool\screens\zuisetting\ZuiSettingsDetailScreen.kt
YiShiJieRules,settings_yi_shi_jie_rules,scope,app\src\main\java\com\qimian233\ztool\screens\zuisetting\ZuiSettingsDetailScreen.kt
YiShiJieRules_Summary,settings_yi_shi_jie_rules_summary,scope,app\src\main\java\com\qimian233\ztool\screens\zuisetting\ZuiSettingsDetailScreen.kt
YiYanSummary,system_ui_lock_screen_yi_yan_summary,scope,app\src\main\java\com\qimian233\ztool\screens\systemui\lockscreen\LockScreenSettingsScreen.kt
YiYanSwitchTitle,system_ui_lock_screen_yi_yan_switch_title,scope,app\src\main\java\com\qimian233\ztool\screens\systemui\lockscreen\LockScreenSettingsScreen.kt
YiYanTile,system_ui_lock_screen_yi_yan_tile,scope,app\src\main\java\com\qimian233\ztool\screens\systemui\lockscreen\LockScreenSettingsScreen.kt
about_acknowledgements_title,page_settings_about_acknowledgements_title,page,app\src\main\java\com\qimian233\ztool\screens\ztoolsettings\about\SettingsAboutRoute.kt
about_app_update_latest_summary,page_settings_about_app_update_latest_summary,page,app\src\main\java\com\qimian233\ztool\screens\ztoolsettings\about\SettingsAboutRoute.kt
about_app_update_placeholder_summary,page_settings_about_app_update_placeholder_summary,page,app\src\main\java\com\qimian233\ztool\screens\ztoolsettings\about\SettingsAboutRoute.kt
about_app_update_section_title,page_settings_about_app_update_section_title,page,app\src\main\java\com\qimian233\ztool\screens\ztoolsettings\about\SettingsAboutRoute.kt
about_app_update_title,page_settings_about_app_update_title,page,app\src\main\java\com\qimian233\ztool\screens\ztoolsettings\about\SettingsAboutRoute.kt
about_developers_title,page_settings_about_developers_title,page,app\src\main\java\com\qimian233\ztool\screens\ztoolsettings\about\SettingsAboutRoute.kt
about_device_info_cpu_label,settings_about_device_info_cpu_label,scope,app\src\main\java\com\qimian233\ztool\screens\zuisetting\ZuiSettingsDetailScreen.kt
about_device_info_cpu_title,settings_about_device_info_cpu_title,scope,app\src\main\java\com\qimian233\ztool\screens\zuisetting\ZuiSettingsDetailScreen.kt
about_device_info_header_action,settings_about_device_info_header_action,scope,app\src\main\java\com\qimian233\ztool\screens\zuisetting\ZuiSettingsDetailScreen.kt
about_device_info_header_action_summary,settings_about_device_info_header_action_summary,scope,app\src\main\java\com\qimian233\ztool\screens\zuisetting\ZuiSettingsDetailScreen.kt
about_device_info_header_title,settings_about_device_info_header_title,scope,app\src\main\java\com\qimian233\ztool\screens\zuisetting\ZuiSettingsDetailScreen.kt
about_device_info_image_save_failed,settings_about_device_info_image_save_failed,scope,app\src\main\java\com\qimian233\ztool\screens\zuisetting\ZuiSettingsDetailScreen.kt
about_device_info_image_saved,settings_about_device_info_image_saved,scope,app\src\main\java\com\qimian233\ztool\screens\zuisetting\ZuiSettingsDetailScreen.kt
about_device_info_master,settings_about_device_info_master,scope,app\src\main\java\com\qimian233\ztool\screens\zuisetting\ZuiSettingsDetailScreen.kt
about_device_info_master_summary,settings_about_device_info_master_summary,scope,app\src\main\java\com\qimian233\ztool\screens\zuisetting\ZuiSettingsDetailScreen.kt
about_device_info_model_label,settings_about_device_info_model_label,scope,app\src\main\java\com\qimian233\ztool\screens\zuisetting\ZuiSettingsDetailScreen.kt
about_device_info_model_title,settings_about_device_info_model_title,scope,app\src\main\java\com\qimian233\ztool\screens\zuisetting\ZuiSettingsDetailScreen.kt
about_device_info_ram_label,settings_about_device_info_ram_label,scope,app\src\main\java\com\qimian233\ztool\screens\zuisetting\ZuiSettingsDetailScreen.kt
about_device_info_ram_title,settings_about_device_info_ram_title,scope,app\src\main\java\com\qimian233\ztool\screens\zuisetting\ZuiSettingsDetailScreen.kt
about_device_info_rom_label,settings_about_device_info_rom_label,scope,app\src\main\java\com\qimian233\ztool\screens\zuisetting\ZuiSettingsDetailScreen.kt
about_device_info_rom_title,settings_about_device_info_rom_title,scope,app\src\main\java\com\qimian233\ztool\screens\zuisetting\ZuiSettingsDetailScreen.kt
about_device_info_software_label,settings_about_device_info_software_label,scope,app\src\main\java\com\qimian233\ztool\screens\zuisetting\ZuiSettingsDetailScreen.kt
about_device_info_software_title,settings_about_device_info_software_title,scope,app\src\main\java\com\qimian233\ztool\screens\zuisetting\ZuiSettingsDetailScreen.kt
about_device_info_title,settings_about_device_info_title,scope,app\src\main\java\com\qimian233\ztool\screens\zuisetting\ZuiSettingsDetailScreen.kt
about_license_summary,page_settings_about_license_summary,page,app\src\main\java\com\qimian233\ztool\screens\ztoolsettings\about\SettingsAboutRoute.kt
about_license_title,page_settings_about_license_title,page,app\src\main\java\com\qimian233\ztool\screens\ztoolsettings\about\SettingsAboutRoute.kt
about_open_source_title,page_settings_about_open_source_title,page,app\src\main\java\com\qimian233\ztool\screens\ztoolsettings\about\SettingsAboutRoute.kt
about_qimian233_summary,page_settings_about_qimian233_summary,page,app\src\main\java\com\qimian233\ztool\screens\ztoolsettings\about\SettingsAboutRoute.kt
about_unfuckzui_summary,page_settings_about_unfuckzui_summary,page,app\src\main\java\com\qimian233\ztool\screens\ztoolsettings\about\SettingsAboutRoute.kt
about_uuuddddl,page_settings_about_uuuddddl,page,app\src\main\java\com\qimian233\ztool\screens\ztoolsettings\about\SettingsAboutRoute.kt
about_view_source_title,page_settings_about_view_source_title,page,app\src\main\java\com\qimian233\ztool\screens\ztoolsettings\about\SettingsAboutRoute.kt
about_wasd_destroy_summary,page_settings_about_wasd_destroy_summary,page,app\src\main\java\com\qimian233\ztool\screens\ztoolsettings\about\SettingsAboutRoute.kt
about_ztool_title,page_settings_about_ztool_title,page,app\src\main\java\com\qimian233\ztool\screens\ztoolsettings\about\SettingsAboutRoute.kt
about_zuxos_plus_summary,page_settings_about_zuxos_plus_summary,page,app\src\main\java\com\qimian233\ztool\screens\ztoolsettings\about\SettingsAboutRoute.kt
activity_added,settings_activity_added,scope,app\src\main\java\com\qimian233\ztool\viewmodel\FloatingWindowViewModel.kt
activity_already_added,settings_activity_already_added,scope,app\src\main\java\com\qimian233\ztool\viewmodel\FloatingWindowViewModel.kt
activity_pair_format,settings_activity_pair_format,scope,app\src\main\java\com\qimian233\ztool\screens\zuisetting\magicwindowsearch\searchPage.kt
activity_pairs_info,settings_activity_pairs_info,scope,app\src\main\java\com\qimian233\ztool\screens\zuisetting\magicwindowsearch\searchPage.kt
addCurrentActivity,settings_add_current_activity,scope,app\src\main\java\com\qimian233\ztool\screens\zuisetting\floatingwindow\FloatingWindow.kt
add_activities_title,settings_add_activities_title,scope,app\src\main\java\com\qimian233\ztool\screens\zuisetting\floatingwindow\FloatingWindow.kt
added_activities_count,settings_added_activities_count,scope,app\src\main\java\com\qimian233\ztool\data\settings\FloatingWindowRepository.kt
adjust_window_ratio,settings_adjust_window_ratio,scope,app\src\main\java\com\qimian233\ztool\screens\zuisetting\magicwindowsearch\searchPage.kt
advanced_api_version,page_settings_advanced_api_version,page,app\src\main\java\com\qimian233\ztool\screens\ztoolsettings\advanced\SettingsAdvancedRoute.kt
advanced_hot_reload_confirm_message,page_settings_advanced_hot_reload_confirm_message,page,app\src\main\java\com\qimian233\ztool\screens\ztoolsettings\advanced\SettingsAdvancedRoute.kt
advanced_hot_reload_confirm_title,page_settings_advanced_hot_reload_confirm_title,page,app\src\main\java\com\qimian233\ztool\screens\ztoolsettings\advanced\SettingsAdvancedRoute.kt
advanced_hot_reload_detail_title,page_settings_advanced_hot_reload_detail_title,page,app\src\main\java\com\qimian233\ztool\screens\ztoolsettings\advanced\SettingsAdvancedRoute.kt
advanced_hot_reload_in_progress,page_settings_advanced_hot_reload_in_progress,page,app\src\main\java\com\qimian233\ztool\screens\ztoolsettings\advanced\SettingsAdvancedRoute.kt
advanced_hot_reload_no_targets,page_settings_advanced_hot_reload_no_targets,page,app\src\main\java\com\qimian233\ztool\screens\ztoolsettings\advanced\SettingsAdvancedRoute.kt
advanced_hot_reload_result,page_settings_advanced_hot_reload_result,page,app\src\main\java\com\qimian233\ztool\screens\ztoolsettings\advanced\SettingsAdvancedRoute.kt
advanced_hot_reload_starting,page_settings_advanced_hot_reload_starting,page,app\src\main\java\com\qimian233\ztool\screens\ztoolsettings\advanced\SettingsAdvancedRoute.kt
advanced_hot_reload_summary,page_settings_advanced_hot_reload_summary,page,app\src\main\java\com\qimian233\ztool\screens\ztoolsettings\advanced\SettingsAdvancedRoute.kt
advanced_hot_reload_title,page_settings_advanced_hot_reload_title,page,app\src\main\java\com\qimian233\ztool\screens\ztoolsettings\advanced\SettingsAdvancedRoute.kt
advanced_hot_reload_unsupported,page_settings_advanced_hot_reload_unsupported,page,app\src\main\java\com\qimian233\ztool\screens\ztoolsettings\advanced\SettingsAdvancedRoute.kt
advanced_info_title,page_settings_advanced_info_title,page,app\src\main\java\com\qimian233\ztool\screens\ztoolsettings\advanced\SettingsAdvancedRoute.kt
advanced_reset_confirm_message,page_settings_advanced_reset_confirm_message,page,app\src\main\java\com\qimian233\ztool\screens\ztoolsettings\advanced\SettingsAdvancedRoute.kt
advanced_reset_confirm_title,page_settings_advanced_reset_confirm_title,page,app\src\main\java\com\qimian233\ztool\screens\ztoolsettings\advanced\SettingsAdvancedRoute.kt
advanced_reset_detail_title,page_settings_advanced_reset_detail_title,page,app\src\main\java\com\qimian233\ztool\screens\ztoolsettings\advanced\SettingsAdvancedRoute.kt
advanced_reset_in_progress,page_settings_advanced_reset_in_progress,page,app\src\main\java\com\qimian233\ztool\screens\ztoolsettings\advanced\SettingsAdvancedRoute.kt
advanced_reset_item_aod,page_settings_advanced_reset_item_aod,page,app\src\main\java\com\qimian233\ztool\screens\ztoolsettings\advanced\SettingsAdvancedRoute.kt
advanced_reset_item_autorun,page_settings_advanced_reset_item_autorun,page,app\src\main\java\com\qimian233\ztool\screens\ztoolsettings\advanced\SettingsAdvancedRoute.kt
advanced_reset_item_mistouch,page_settings_advanced_reset_item_mistouch,page,app\src\main\java\com\qimian233\ztool\screens\ztoolsettings\advanced\SettingsAdvancedRoute.kt
advanced_reset_result,page_settings_advanced_reset_result,page,app\src\main\java\com\qimian233\ztool\screens\ztoolsettings\advanced\SettingsAdvancedRoute.kt
advanced_reset_starting,page_settings_advanced_reset_starting,page,app\src\main\java\com\qimian233\ztool\screens\ztoolsettings\advanced\SettingsAdvancedRoute.kt
advanced_reset_summary,page_settings_advanced_reset_summary,page,app\src\main\java\com\qimian233\ztool\screens\ztoolsettings\advanced\SettingsAdvancedRoute.kt
advanced_reset_title,page_settings_advanced_reset_title,page,app\src\main\java\com\qimian233\ztool\screens\ztoolsettings\advanced\SettingsAdvancedRoute.kt
advanced_title,page_settings_advanced_title,page,app\src\main\java\com\qimian233\ztool\screens\ztoolsettings\advanced\SettingsAdvancedRoute.kt;app\src\main\java\com\qimian233\ztool\screens\ztoolsettings\SettingsRoute.kt
agreement_confirm,page_firstrun_agreement_confirm,page,app\src\main\java\com\qimian233\ztool\ui\firstrun\FirstrunAgreementRoute.kt
agreement_dismiss,page_firstrun_agreement_dismiss,page,app\src\main\java\com\qimian233\ztool\ui\firstrun\FirstrunAgreementRoute.kt
agreement_screen_subtitle,page_firstrun_agreement_screen_subtitle,page,app\src\main\java\com\qimian233\ztool\ui\firstrun\FirstrunAgreementRoute.kt
agreement_screen_title,page_firstrun_agreement_screen_title,page,app\src\main\java\com\qimian233\ztool\ui\firstrun\FirstrunAgreementRoute.kt
agreement_title,page_firstrun_agreement_title,page,app\src\main\java\com\qimian233\ztool\ui\firstrun\FirstrunAgreementRoute.kt
ai_input_expand_Title,system_framework_ai_input_expand_title,scope,app\src\main\java\com\qimian233\ztool\screens\systemframework\FrameworkSettingsScreen.kt
ai_input_expand_summary,system_framework_ai_input_expand_summary,scope,app\src\main\java\com\qimian233\ztool\screens\systemframework\FrameworkSettingsScreen.kt
ai_input_quick_help_conflict,system_framework_ai_input_quick_help_conflict,scope,app\src\main\java\com\qimian233\ztool\screens\systemframework\FrameworkSettingsScreen.kt
ai_input_quick_help_conflict_desc,system_framework_ai_input_quick_help_conflict_desc,scope,app\src\main\java\com\qimian233\ztool\screens\systemframework\FrameworkSettingsScreen.kt
ai_input_quick_help_example_custom,system_framework_ai_input_quick_help_example_custom,scope,app\src\main\java\com\qimian233\ztool\screens\systemframework\FrameworkSettingsScreen.kt
ai_input_quick_help_example_custom_value,system_framework_ai_input_quick_help_example_custom_value,scope,app\src\main\java\com\qimian233\ztool\screens\systemframework\FrameworkSettingsScreen.kt
ai_input_quick_help_example_default,system_framework_ai_input_quick_help_example_default,scope,app\src\main\java\com\qimian233\ztool\screens\systemframework\FrameworkSettingsScreen.kt
ai_input_quick_help_example_default_value,system_framework_ai_input_quick_help_example_default_value,scope,app\src\main\java\com\qimian233\ztool\screens\systemframework\FrameworkSettingsScreen.kt
ai_input_quick_help_note,system_framework_ai_input_quick_help_note,scope,app\src\main\java\com\qimian233\ztool\screens\systemframework\FrameworkSettingsScreen.kt
ai_input_quick_help_scope,system_framework_ai_input_quick_help_scope,scope,app\src\main\java\com\qimian233\ztool\screens\systemframework\FrameworkSettingsScreen.kt
ai_input_quick_help_scope_desc,system_framework_ai_input_quick_help_scope_desc,scope,app\src\main\java\com\qimian233\ztool\screens\systemframework\FrameworkSettingsScreen.kt
ai_input_quick_help_separator,system_framework_ai_input_quick_help_separator,scope,app\src\main\java\com\qimian233\ztool\screens\systemframework\FrameworkSettingsScreen.kt
ai_input_quick_help_separator_desc,system_framework_ai_input_quick_help_separator_desc,scope,app\src\main\java\com\qimian233\ztool\screens\systemframework\FrameworkSettingsScreen.kt
ai_input_quick_help_summary,system_framework_ai_input_quick_help_summary,scope,app\src\main\java\com\qimian233\ztool\screens\systemframework\FrameworkSettingsScreen.kt
ai_input_quick_help_title,system_framework_ai_input_quick_help_title,scope,app\src\main\java\com\qimian233\ztool\screens\systemframework\FrameworkSettingsScreen.kt
allow_adding_language,settings_allow_adding_language,scope,app\src\main\java\com\qimian233\ztool\screens\zuisetting\ZuiSettingsDetailScreen.kt
allow_relative_app_launch_title,system_framework_allow_relative_app_launch_title,scope,app\src\main\java\com\qimian233\ztool\screens\systemframework\FrameworkSettingsScreen.kt
allow_untrusted_touch,system_framework_allow_untrusted_touch,scope,app\src\main\java\com\qimian233\ztool\data\keys\PreferenceKeys.kt;app\src\main\java\com\qimian233\ztool\screens\systemframework\FrameworkSettingsScreen.kt
amoled_black_summary,page_settings_amoled_black_summary,page,app\src\main\java\com\qimian233\ztool\screens\ztoolsettings\theme\ThemeSettingsRoute.kt
amoled_black_title,page_settings_amoled_black_title,page,app\src\main\java\com\qimian233\ztool\screens\ztoolsettings\theme\ThemeSettingsRoute.kt
android_version_prefix,page_home_android_version_prefix,page,app\src\main\java\com\qimian233\ztool\data\home\HomeRepository.kt
aod_lenovo_activity_summary,system_ui_lock_screen_aod_lenovo_activity_summary,scope,app\src\main\java\com\qimian233\ztool\screens\systemui\lockscreen\LockScreenSettingsScreen.kt
aod_lenovo_activity_title,system_ui_lock_screen_aod_lenovo_activity_title,scope,app\src\main\java\com\qimian233\ztool\screens\systemui\lockscreen\LockScreenSettingsScreen.kt
aod_lenovo_enable_summary,system_ui_lock_screen_aod_lenovo_enable_summary,scope,app\src\main\java\com\qimian233\ztool\screens\systemui\lockscreen\LockScreenSettingsScreen.kt
aod_lenovo_enable_title,system_ui_lock_screen_aod_lenovo_enable_title,scope,app\src\main\java\com\qimian233\ztool\screens\systemui\lockscreen\LockScreenSettingsScreen.kt
aod_native_enable_summary,system_ui_lock_screen_aod_native_enable_summary,scope,app\src\main\java\com\qimian233\ztool\screens\systemui\lockscreen\LockScreenSettingsScreen.kt
aod_native_enable_title,system_ui_lock_screen_aod_native_enable_title,scope,app\src\main\java\com\qimian233\ztool\screens\systemui\lockscreen\LockScreenSettingsScreen.kt
aod_title,system_ui_lock_screen_aod_title,scope,app\src\main\java\com\qimian233\ztool\screens\systemui\lockscreen\LockScreenSettingsScreen.kt
apatch_format,page_home_apatch_format,page,app\src\main\java\com\qimian233\ztool\data\home\HomeRepository.kt
api_address_hint,system_ui_lock_screen_api_address_hint,scope,app\src\main\java\com\qimian233\ztool\screens\systemui\lockscreen\LockScreenSettingsScreen.kt
api_request_success,system_ui_api_request_success,scope,app\src\main\java\com\qimian233\ztool\data\systemui\LockScreenSettingsRepository.kt
app_details_completion,settings_app_details_completion,scope,app\src\main\java\com\qimian233\ztool\screens\zuisetting\ZuiSettingsDetailScreen.kt
app_details_completion_summary,settings_app_details_completion_summary,scope,app\src\main\java\com\qimian233\ztool\screens\zuisetting\ZuiSettingsDetailScreen.kt
app_icon,common_app_icon,common,app\src\main\java\com\qimian233\ztool\utils\AppChooserDialog.kt
app_language_settings,page_settings_app_language_settings,page,app\src\main\java\com\qimian233\ztool\screens\ztoolsettings\SettingsRoute.kt
app_name,page_settings_app_name,page,app\src\main\AndroidManifest.xml;app\src\main\java\com\qimian233\ztool\screens\ztoolsettings\about\SettingsAboutRoute.kt
app_name_label,settings_app_name_label,scope,app\src\main\java\com\qimian233\ztool\data\settings\FloatingWindowRepository.kt
app_package_name,settings_app_package_name,scope,app\src\main\java\com\qimian233\ztool\screens\zuisetting\magicwindowsearch\searchPage.kt
app_process_restarted_message,safe_center_app_process_restarted_message,scope,app\src\main\java\com\qimian233\ztool\screens\safecenter\SafeCenterSettingsScreen.kt
app_search_page_selected_string,common_app_search_page_selected_string,common,app\src\main\java\com\qimian233\ztool\utils\AppChooserDialog.kt
app_ui_theme_settings,page_settings_app_ui_theme_settings,page,app\src\main\java\com\qimian233\ztool\screens\ztoolsettings\SettingsRoute.kt;app\src\main\java\com\qimian233\ztool\screens\ztoolsettings\theme\ThemeSettingsRoute.kt
argb_color_input_error,system_ui_common_argb_color_input_error,scope,app\src\main\java\com\qimian233\ztool\screens\systemui\controlcenter\ControlCenterSettingsScreen.kt;app\src\main\java\com\qimian233\ztool\screens\systemui\statusbar\StatusBarSettingsScreen.kt
auto_accept_file_transfer,mobile_desktop_auto_accept_file_transfer,scope,app\src\main\java\com\qimian233\ztool\data\keys\PreferenceKeys.kt;app\src\main\java\com\qimian233\ztool\screens\mobiledesktop\MobileDesktopSettingsScreen.kt
auto_accept_file_transfer_summary,mobile_desktop_auto_accept_file_transfer_summary,scope,app\src\main\java\com\qimian233\ztool\screens\mobiledesktop\MobileDesktopSettingsScreen.kt
auto_check_update_summary,page_settings_auto_check_update_summary,page,app\src\main\java\com\qimian233\ztool\screens\ztoolsettings\SettingsRoute.kt
auto_check_update_title,page_settings_auto_check_update_title,page,app\src\main\java\com\qimian233\ztool\screens\ztoolsettings\SettingsRoute.kt
auto_open_prevent_touch_summary,game_tool_auto_open_prevent_touch_summary,scope,app\src\main\java\com\qimian233\ztool\screens\gametool\GameToolSettingsScreen.kt
auto_open_prevent_touch_title,game_tool_auto_open_prevent_touch_title,scope,app\src\main\java\com\qimian233\ztool\screens\gametool\GameToolSettingsScreen.kt
backupAndRestore,page_settings_backup_and_restore,page,app\src\main\java\com\qimian233\ztool\screens\ztoolsettings\SettingsRoute.kt
backupConfigToFile,page_settings_backup_config_to_file,page,app\src\main\java\com\qimian233\ztool\screens\ztoolsettings\SettingsRoute.kt
batch_uninstall_auth_failed,page_uninstall_auth_failed,page,app\src\main\java\com\qimian233\ztool\uninstall\BatchUninstallActivity.kt
batch_uninstall_empty,page_uninstall_empty,page,app\src\main\java\com\qimian233\ztool\uninstall\BatchUninstallActivity.kt
batch_uninstall_result,page_uninstall_result,page,app\src\main\java\com\qimian233\ztool\uninstall\BatchUninstallActivity.kt
batch_uninstall_root_unavailable,page_uninstall_root_unavailable,page,app\src\main\java\com\qimian233\ztool\uninstall\BatchUninstallActivity.kt
batch_uninstall_title,page_uninstall_title,page,app\src\main\AndroidManifest.xml
beautify_ram_info,launcher_beautify_ram_info,scope,app\src\main\java\com\qimian233\ztool\data\keys\PreferenceKeys.kt;app\src\main\java\com\qimian233\ztool\screens\launcher\LauncherSettingsScreen.kt
beautify_ram_info_summary,launcher_beautify_ram_info_summary,scope,app\src\main\java\com\qimian233\ztool\screens\launcher\LauncherSettingsScreen.kt
block_ota_install_dialog_title,system_update_block_ota_install_dialog_title,scope,app\src\main\java\com\qimian233\ztool\screens\ota\OtaSettingsScreen.kt
bootloader,page_home_bootloader,page,app\src\main\java\com\qimian233\ztool\viewmodel\HomeViewModel.kt
bootloader_confirm_message,page_home_bootloader_confirm_message,page,app\src\main\java\com\qimian233\ztool\viewmodel\HomeViewModel.kt
buildCode,page_home_build_code,page,app\src\main\java\com\qimian233\ztool\screens\home\HomeRoute.kt
buildVersion,page_home_build_version,page,app\src\main\java\com\qimian233\ztool\screens\home\HomeRoute.kt
bypassDocementsUI,safe_center_bypass_docements_ui,scope,app\src\main\java\com\qimian233\ztool\screens\safecenter\SafeCenterSettingsScreen.kt
bypassDocementsUISummary,safe_center_bypass_docements_ui_summary,scope,app\src\main\java\com\qimian233\ztool\screens\safecenter\SafeCenterSettingsScreen.kt
cancel,common_cancel,common,app\src\main\java\com\qimian233\ztool\hook\modules\systemframework\ForceScreenOnOffAnimation.kt;app\src\main\java\com\qimian233\ztool\screens\features\FeaturesRoute.kt;app\src\main\java\com\qimian233\ztool\screens\home\HomeRoute.kt
cannot_get_activity,settings_cannot_get_activity,scope,app\src\main\java\com\qimian233\ztool\viewmodel\FloatingWindowViewModel.kt
cannot_get_app_foreground,settings_cannot_get_app_foreground,scope,app\src\main\java\com\qimian233\ztool\viewmodel\FloatingWindowViewModel.kt
changelog_copied,system_update_changelog_copied,scope,app\src\main\java\com\qimian233\ztool\screens\ota\OtaSettingsScreen.kt
changelog_full_format,system_update_changelog_full_format,scope,app\src\main\java\com\qimian233\ztool\data\ota\OtaSettingsRepository.kt
clean_search,launcher_clean_search,scope,app\src\main\java\com\qimian233\ztool\screens\launcher\LauncherSettingsScreen.kt
clean_search_summary,launcher_clean_search_summary,scope,app\src\main\java\com\qimian233\ztool\screens\launcher\LauncherSettingsScreen.kt
clock_format_example,system_ui_status_bar_clock_format_example,scope,app\src\main\java\com\qimian233\ztool\screens\systemui\statusbar\StatusBarSettingsScreen.kt
clock_format_help_title,system_ui_status_bar_clock_format_help_title,scope,app\src\main\java\com\qimian233\ztool\screens\systemui\statusbar\StatusBarSettingsScreen.kt
clock_format_hint,system_ui_status_bar_clock_format_hint,scope,app\src\main\java\com\qimian233\ztool\screens\systemui\statusbar\StatusBarSettingsScreen.kt
clock_format_quick_help_note,system_ui_status_bar_clock_format_quick_help_note,scope,app\src\main\java\com\qimian233\ztool\screens\systemui\statusbar\StatusBarSettingsScreen.kt
clock_format_quick_help_summary,system_ui_status_bar_clock_format_quick_help_summary,scope,app\src\main\java\com\qimian233\ztool\screens\systemui\statusbar\StatusBarSettingsScreen.kt
clock_format_sample,system_ui_status_bar_clock_format_sample,scope,app\src\main\java\com\qimian233\ztool\screens\systemui\statusbar\StatusBarSettingsScreen.kt
clock_format_saved_message,system_ui_status_bar_clock_format_saved_message,scope,app\src\main\java\com\qimian233\ztool\screens\systemui\statusbar\StatusBarSettingsScreen.kt
close_button,settings_close_button,scope,app\src\main\java\com\qimian233\ztool\screens\zuisetting\magicwindowsearch\searchPage.kt
cloud_folder_auto_dismiss_title,launcher_cloud_folder_auto_dismiss_title,scope,app\src\main\java\com\qimian233\ztool\screens\launcher\LauncherSettingsScreen.kt
config_already_flashed,settings_config_already_flashed,scope,app\src\main\java\com\qimian233\ztool\screens\zuisetting\ZuiSettingsDetailScreen.kt
config_backup_success,page_settings_config_backup_success,page,app\src\main\java\com\qimian233\ztool\screens\ztoolsettings\SettingsRoute.kt
config_complete_title,settings_config_complete_title,scope,app\src\main\java\com\qimian233\ztool\screens\zuisetting\floatingwindow\FloatingWindow.kt
config_generated,settings_config_generated,scope,app\src\main\java\com\qimian233\ztool\viewmodel\FloatingWindowViewModel.kt
config_generation_error,settings_config_generation_error,scope,app\src\main\java\com\qimian233\ztool\viewmodel\FloatingWindowViewModel.kt
config_not_exists_tips,settings_config_not_exists_tips,scope,app\src\main\java\com\qimian233\ztool\data\settings\MagicWindowSearchRepository.kt
config_options_title,settings_config_options_title,scope,app\src\main\java\com\qimian233\ztool\screens\zuisetting\floatingwindow\FloatingWindow.kt
config_restore_success,page_settings_config_restore_success,page,app\src\main\java\com\qimian233\ztool\screens\ztoolsettings\SettingsRoute.kt
config_suffix,settings_config_suffix,scope,app\src\main\java\com\qimian233\ztool\screens\zuisetting\ZuiSettingsDetailScreen.kt
config_upgraded_tip_message,page_home_config_upgraded_tip_message,page,app\src\main\java\com\qimian233\ztool\screens\home\HomeRoute.kt
config_upgraded_tip_title,page_home_config_upgraded_tip_title,page,app\src\main\java\com\qimian233\ztool\screens\home\HomeRoute.kt
configuration_saved_message,system_ui_lock_screen_configuration_saved_message,scope,app\src\main\java\com\qimian233\ztool\screens\systemui\lockscreen\LockScreenSettingsScreen.kt
confirm,common_confirm,common,app\src\main\java\com\qimian233\ztool\screens\features\FeaturesRoute.kt;app\src\main\java\com\qimian233\ztool\screens\home\HomeRoute.kt;app\src\main\java\com\qimian233\ztool\screens\launcher\LauncherSettingsScreen.kt
confirm_button,settings_confirm_button,scope,app\src\main\java\com\qimian233\ztool\screens\zuisetting\ZuiSettingsDetailScreen.kt
confirm_restore_message,settings_confirm_restore_message,scope,app\src\main\java\com\qimian233\ztool\screens\zuisetting\ZuiSettingsDetailScreen.kt
confirm_restore_title,settings_confirm_restore_title,scope,app\src\main\java\com\qimian233\ztool\screens\zuisetting\ZuiSettingsDetailScreen.kt
continue_button,settings_continue_button,scope,app\src\main\java\com\qimian233\ztool\screens\zuisetting\floatingwindow\FloatingWindow.kt
controlCenterSummary,system_ui_control_center_summary,scope,app\src\main\java\com\qimian233\ztool\screens\systemui\SystemUISettingsScreen.kt
controlCenterTitle,system_ui_control_center_title,scope,app\src\main\java\com\qimian233\ztool\screens\systemui\SystemUISettingsScreen.kt
control_center_no_tile_labels_summary,system_ui_control_center_no_tile_labels_summary,scope,app\src\main\java\com\qimian233\ztool\screens\systemui\controlcenter\ControlCenterSettingsScreen.kt
control_center_no_tile_labels_title,system_ui_control_center_no_tile_labels_title,scope,app\src\main\java\com\qimian233\ztool\screens\systemui\controlcenter\ControlCenterSettingsScreen.kt
control_center_settings_title_suffix,system_ui_control_center_title_suffix,scope,app\src\main\java\com\qimian233\ztool\navigation\ZToolNavHost.kt
control_center_tiles,system_ui_control_center_tiles,scope,app\src\main\java\com\qimian233\ztool\screens\systemui\controlcenter\ControlCenterSettingsScreen.kt
copy_changelog,system_update_copy_changelog,scope,app\src\main\java\com\qimian233\ztool\screens\ota\OtaSettingsScreen.kt
copy_download_link,system_update_copy_download_link,scope,app\src\main\java\com\qimian233\ztool\screens\ota\OtaSettingsScreen.kt
copy_example_button,system_ui_common_copy_example_button,scope,app\src\main\java\com\qimian233\ztool\screens\systemui\controlcenter\ControlCenterSettingsScreen.kt;app\src\main\java\com\qimian233\ztool\screens\systemui\statusbar\StatusBarSettingsScreen.kt
copy_password,system_update_copy_password,scope,app\src\main\java\com\qimian233\ztool\screens\ota\OtaSettingsScreen.kt
credits_github_acceleration,page_settings_credits_github_acceleration,page,app\src\main\java\com\qimian233\ztool\screens\ztoolsettings\about\SettingsAboutRoute.kt
credits_github_acceleration_site,page_settings_credits_github_acceleration_site,page,app\src\main\java\com\qimian233\ztool\screens\ztoolsettings\about\SettingsAboutRoute.kt
credits_hitokoto_support,page_settings_credits_hitokoto_support,page,app\src\main\java\com\qimian233\ztool\screens\ztoolsettings\about\SettingsAboutRoute.kt
credits_hitokoto_support_site,page_settings_credits_hitokoto_support_site,page,app\src\main\java\com\qimian233\ztool\screens\ztoolsettings\about\SettingsAboutRoute.kt
credits_unfuck_zui,page_settings_credits_unfuck_zui,page,app\src\main\java\com\qimian233\ztool\screens\ztoolsettings\about\SettingsAboutRoute.kt
credits_zuxos_plus,page_settings_credits_zuxos_plus,page,app\src\main\java\com\qimian233\ztool\screens\ztoolsettings\about\SettingsAboutRoute.kt
currentSlot,page_home_current_slot,page,app\src\main\java\com\qimian233\ztool\screens\home\HomeRoute.kt
current_activity,settings_current_activity,scope,app\src\main\java\com\qimian233\ztool\data\settings\FloatingWindowRepository.kt
current_sn_fmt,system_update_current_sn_fmt,scope,app\src\main\java\com\qimian233\ztool\screens\ota\OtaSettingsScreen.kt
current_version_fmt,system_update_current_version_fmt,scope,app\src\main\java\com\qimian233\ztool\screens\ota\OtaSettingsScreen.kt
customGridSummary,launcher_custom_grid_summary,scope,app\src\main\java\com\qimian233\ztool\screens\launcher\LauncherSettingsScreen.kt
customGridTitle,launcher_custom_grid_title,scope,app\src\main\java\com\qimian233\ztool\screens\launcher\LauncherSettingsScreen.kt
customLauncherLayoutTitle,launcher_custom_launcher_layout_title,scope,app\src\main\java\com\qimian233\ztool\screens\launcher\LauncherSettingsScreen.kt
custom_charge_animation_land_action_title,system_ui_animation_custom_charge_animation_land_action_title,scope,app\src\main\java\com\qimian233\ztool\screens\systemui\animation\AnimationWallpaperSettingsScreen.kt
custom_charge_animation_portrait_action_title,system_ui_animation_custom_charge_animation_portrait_action_title,scope,app\src\main\java\com\qimian233\ztool\screens\systemui\animation\AnimationWallpaperSettingsScreen.kt
custom_charge_animation_summary,system_ui_animation_custom_charge_animation_summary,scope,app\src\main\java\com\qimian233\ztool\screens\systemui\animation\AnimationWallpaperSettingsScreen.kt
custom_charge_animation_title,system_ui_animation_custom_charge_animation_title,scope,app\src\main\java\com\qimian233\ztool\screens\systemui\animation\AnimationWallpaperSettingsScreen.kt
custom_charge_animation_video_save_failed,system_ui_animation_custom_charge_animation_video_save_failed,scope,app\src\main\java\com\qimian233\ztool\screens\systemui\animation\AnimationWallpaperSettingsScreen.kt
custom_charge_animation_video_saved,system_ui_animation_custom_charge_animation_video_saved,scope,app\src\main\java\com\qimian233\ztool\screens\systemui\animation\AnimationWallpaperSettingsScreen.kt
custom_clock_letter_spacing_title,system_ui_control_center_custom_clock_letter_spacing_title,scope,app\src\main\java\com\qimian233\ztool\screens\systemui\controlcenter\ControlCenterSettingsScreen.kt
custom_clock_summary,system_ui_status_bar_custom_clock_summary,scope,app\src\main\java\com\qimian233\ztool\screens\systemui\statusbar\StatusBarSettingsScreen.kt
custom_clock_text_bold_title,system_ui_control_center_custom_clock_text_bold_title,scope,app\src\main\java\com\qimian233\ztool\screens\systemui\controlcenter\ControlCenterSettingsScreen.kt
custom_clock_text_color_title,system_ui_control_center_custom_clock_text_color_title,scope,app\src\main\java\com\qimian233\ztool\screens\systemui\controlcenter\ControlCenterSettingsScreen.kt
custom_clock_text_size_title,system_ui_control_center_custom_clock_text_size_title,scope,app\src\main\java\com\qimian233\ztool\screens\systemui\controlcenter\ControlCenterSettingsScreen.kt
custom_clock_title,system_ui_status_bar_custom_clock_title,scope,app\src\main\java\com\qimian233\ztool\screens\systemui\statusbar\StatusBarSettingsScreen.kt
custom_control_center_tile_radius,system_ui_control_center_custom_control_center_tile_radius,scope,app\src\main\java\com\qimian233\ztool\screens\systemui\controlcenter\ControlCenterSettingsScreen.kt
custom_control_center_tile_radius_summary,system_ui_control_center_custom_control_center_tile_radius_summary,scope,app\src\main\java\com\qimian233\ztool\screens\systemui\controlcenter\ControlCenterSettingsScreen.kt
custom_detector_err,system_framework_custom_detector_err,scope,app\src\main\java\com\qimian233\ztool\data\systemframework\FrameworkSettingsRepository.kt
custom_detector_hint,system_framework_custom_detector_hint,scope,app\src\main\java\com\qimian233\ztool\screens\systemframework\FrameworkSettingsScreen.kt
custom_label_active_color_summary,system_ui_control_center_custom_label_active_color_summary,scope,app\src\main\java\com\qimian233\ztool\screens\systemui\controlcenter\ControlCenterSettingsScreen.kt
custom_label_active_color_title,system_ui_control_center_custom_label_active_color_title,scope,app\src\main\java\com\qimian233\ztool\screens\systemui\controlcenter\ControlCenterSettingsScreen.kt
custom_label_color_summary,system_ui_control_center_custom_label_color_summary,scope,app\src\main\java\com\qimian233\ztool\screens\systemui\controlcenter\ControlCenterSettingsScreen.kt
custom_label_color_title,system_ui_control_center_custom_label_color_title,scope,app\src\main\java\com\qimian233\ztool\screens\systemui\controlcenter\ControlCenterSettingsScreen.kt
custom_landscapeResult_Summary,settings_custom_landscape_result_summary,scope,app\src\main\java\com\qimian233\ztool\screens\zuisetting\ZuiSettingsDetailScreen.kt
custom_landscapeResult_Title,settings_custom_landscape_result_title,scope,app\src\main\java\com\qimian233\ztool\screens\zuisetting\ZuiSettingsDetailScreen.kt
custom_landscape_view,settings_custom_landscape_view,scope,app\src\main\java\com\qimian233\ztool\screens\zuisetting\ZuiSettingsDetailScreen.kt
custom_landscape_view_summary,settings_custom_landscape_view_summary,scope,app\src\main\java\com\qimian233\ztool\screens\zuisetting\ZuiSettingsDetailScreen.kt
custom_qs_active_color_summary,system_ui_common_custom_qs_active_color_summary,scope,app\src\main\java\com\qimian233\ztool\screens\systemui\controlcenter\ControlCenterSettingsScreen.kt;app\src\main\java\com\qimian233\ztool\screens\systemui\statusbar\StatusBarSettingsScreen.kt
custom_qs_active_color_title,system_ui_control_center_custom_qs_active_color_title,scope,app\src\main\java\com\qimian233\ztool\screens\systemui\controlcenter\ControlCenterSettingsScreen.kt
custom_qs_color_general_switch,system_ui_control_center_custom_qs_color_general_switch,scope,app\src\main\java\com\qimian233\ztool\screens\systemui\controlcenter\ControlCenterSettingsScreen.kt
custom_qs_color_summary,system_ui_control_center_custom_qs_color_summary,scope,app\src\main\java\com\qimian233\ztool\screens\systemui\controlcenter\ControlCenterSettingsScreen.kt
custom_qs_color_title,system_ui_control_center_custom_qs_color_title,scope,app\src\main\java\com\qimian233\ztool\screens\systemui\controlcenter\ControlCenterSettingsScreen.kt
custom_second_label_active_color_summary,system_ui_control_center_custom_second_label_active_color_summary,scope,app\src\main\java\com\qimian233\ztool\screens\systemui\controlcenter\ControlCenterSettingsScreen.kt
custom_second_label_active_color_title,system_ui_control_center_custom_second_label_active_color_title,scope,app\src\main\java\com\qimian233\ztool\screens\systemui\controlcenter\ControlCenterSettingsScreen.kt
custom_second_label_color_summary,system_ui_control_center_custom_second_label_color_summary,scope,app\src\main\java\com\qimian233\ztool\screens\systemui\controlcenter\ControlCenterSettingsScreen.kt
custom_second_label_color_title,system_ui_control_center_custom_second_label_color_title,scope,app\src\main\java\com\qimian233\ztool\screens\systemui\controlcenter\ControlCenterSettingsScreen.kt
customize_slider_style_summary,system_ui_control_center_customize_slider_style_summary,scope,app\src\main\java\com\qimian233\ztool\screens\systemui\controlcenter\ControlCenterSettingsScreen.kt
customize_slider_style_title,system_ui_control_center_customize_slider_style_title,scope,app\src\main\java\com\qimian233\ztool\screens\systemui\controlcenter\ControlCenterSettingsScreen.kt
customizedConfirmWithCountdown,page_firstrun_customized_confirm_with_countdown,page,app\src\main\java\com\qimian233\ztool\ui\firstrun\FirstrunAgreementRoute.kt;app\src\main\java\com\qimian233\ztool\utils\CountdownDialog.kt
date_format_example,system_ui_control_center_date_format_example,scope,app\src\main\java\com\qimian233\ztool\screens\systemui\controlcenter\ControlCenterSettingsScreen.kt
date_format_help_title,system_ui_control_center_date_format_help_title,scope,app\src\main\java\com\qimian233\ztool\screens\systemui\controlcenter\ControlCenterSettingsScreen.kt
date_format_quick_help_note,system_ui_control_center_date_format_quick_help_note,scope,app\src\main\java\com\qimian233\ztool\screens\systemui\controlcenter\ControlCenterSettingsScreen.kt
date_format_quick_help_summary,system_ui_control_center_date_format_quick_help_summary,scope,app\src\main\java\com\qimian233\ztool\screens\systemui\controlcenter\ControlCenterSettingsScreen.kt
date_format_sample,system_ui_control_center_date_format_sample,scope,app\src\main\java\com\qimian233\ztool\screens\systemui\controlcenter\ControlCenterSettingsScreen.kt
date_format_saved_message,system_ui_control_center_date_format_saved_message,scope,app\src\main\java\com\qimian233\ztool\screens\systemui\controlcenter\ControlCenterSettingsScreen.kt
default_allow_autorun_enable_summary,safe_center_default_allow_autorun_enable_summary,scope,app\src\main\java\com\qimian233\ztool\screens\safecenter\SafeCenterSettingsScreen.kt
default_allow_autorun_enable_title,safe_center_default_allow_autorun_enable_title,scope,app\src\main\java\com\qimian233\ztool\screens\safecenter\SafeCenterSettingsScreen.kt
default_allow_autorun_title,safe_center_default_allow_autorun_title,scope,app\src\main\java\com\qimian233\ztool\screens\safecenter\SafeCenterSettingsScreen.kt
default_config_restored,page_settings_default_config_restored,page,app\src\main\java\com\qimian233\ztool\screens\ztoolsettings\SettingsRoute.kt
default_date_format,system_ui_default_date_format,scope,app\src\main\java\com\qimian233\ztool\data\systemui\ControlCenterSettingsRepository.kt
default_font_description,settings_default_font_description,scope,app\src\main\java\com\qimian233\ztool\screens\zuisetting\ZuiSettingsDetailScreen.kt
delete,settings_delete,scope,app\src\main\java\com\qimian233\ztool\screens\zuisetting\ZuiSettingsDetailScreen.kt
delete_all_logs,page_settings_delete_all_logs,page,app\src\main\java\com\qimian233\ztool\screens\ztoolsettings\SettingsRoute.kt
delete_all_logs_summary,page_settings_delete_all_logs_summary,page,app\src\main\java\com\qimian233\ztool\screens\ztoolsettings\SettingsRoute.kt
delete_logs_confirmation,page_settings_delete_logs_confirmation,page,app\src\main\java\com\qimian233\ztool\screens\ztoolsettings\SettingsRoute.kt
delete_logs_failed,page_settings_delete_logs_failed,page,app\src\main\java\com\qimian233\ztool\screens\ztoolsettings\SettingsRoute.kt
delete_logs_success,page_settings_delete_logs_success,page,app\src\main\java\com\qimian233\ztool\screens\ztoolsettings\SettingsRoute.kt
delete_success,settings_delete_success,scope,app\src\main\java\com\qimian233\ztool\screens\zuisetting\ZuiSettingsDetailScreen.kt
desktop_live_wallpaper_land_video_save_failed,system_ui_animation_desktop_live_wallpaper_land_video_save_failed,scope,app\src\main\java\com\qimian233\ztool\screens\systemui\animation\AnimationWallpaperSettingsScreen.kt
desktop_live_wallpaper_land_video_saved,system_ui_animation_desktop_live_wallpaper_land_video_saved,scope,app\src\main\java\com\qimian233\ztool\screens\systemui\animation\AnimationWallpaperSettingsScreen.kt
desktop_live_wallpaper_portrait_video_save_failed,system_ui_animation_desktop_live_wallpaper_portrait_video_save_failed,scope,app\src\main\java\com\qimian233\ztool\screens\systemui\animation\AnimationWallpaperSettingsScreen.kt
desktop_live_wallpaper_portrait_video_saved,system_ui_animation_desktop_live_wallpaper_portrait_video_saved,scope,app\src\main\java\com\qimian233\ztool\screens\systemui\animation\AnimationWallpaperSettingsScreen.kt
desktop_live_wallpaper_rotation_warning,system_ui_animation_desktop_live_wallpaper_rotation_warning,scope,app\src\main\java\com\qimian233\ztool\screens\systemui\animation\AnimationWallpaperSettingsScreen.kt
desktop_live_wallpaper_scale_mode_cover,system_ui_animation_desktop_live_wallpaper_scale_mode_cover,scope,app\src\main\java\com\qimian233\ztool\screens\systemui\animation\AnimationWallpaperSettingsScreen.kt
desktop_live_wallpaper_scale_mode_fit,system_ui_animation_desktop_live_wallpaper_scale_mode_fit,scope,app\src\main\java\com\qimian233\ztool\screens\systemui\animation\AnimationWallpaperSettingsScreen.kt
desktop_live_wallpaper_scale_mode_title,system_ui_animation_desktop_live_wallpaper_scale_mode_title,scope,app\src\main\java\com\qimian233\ztool\screens\systemui\animation\AnimationWallpaperSettingsScreen.kt
desktop_live_wallpaper_select_land,system_ui_animation_desktop_live_wallpaper_select_land,scope,app\src\main\java\com\qimian233\ztool\screens\systemui\animation\AnimationWallpaperSettingsScreen.kt
desktop_live_wallpaper_select_portrait,system_ui_animation_desktop_live_wallpaper_select_portrait,scope,app\src\main\java\com\qimian233\ztool\screens\systemui\animation\AnimationWallpaperSettingsScreen.kt
desktop_live_wallpaper_summary,system_ui_animation_desktop_live_wallpaper_summary,scope,app\src\main\java\com\qimian233\ztool\screens\systemui\animation\AnimationWallpaperSettingsScreen.kt
desktop_live_wallpaper_title,system_ui_animation_desktop_live_wallpaper_title,scope,app\src\main\java\com\qimian233\ztool\screens\systemui\animation\AnimationWallpaperSettingsScreen.kt
deviceCodeName,page_home_device_code_name,page,app\src\main\java\com\qimian233\ztool\screens\home\HomeRoute.kt
deviceInfo,page_home_device_info,page,app\src\main\java\com\qimian233\ztool\screens\home\HomeRoute.kt
dexIndexChannelName,common_dex_index_channel_name,common,app\src\main\java\com\qimian233\ztool\dexindex\base\DexIndexNotifier.kt
dexIndexDialogTitle,common_dex_index_dialog_title,common,app\src\main\java\com\qimian233\ztool\ui\components\DexIndexProgressDialog.kt
dexIndexLastIndexedAt,page_settings_dex_index_last_indexed_at,page,app\src\main\java\com\qimian233\ztool\screens\ztoolsettings\advanced\SettingsAdvancedRoute.kt
dexIndexNotGenerated,page_settings_dex_index_not_generated,page,app\src\main\java\com\qimian233\ztool\screens\ztoolsettings\advanced\SettingsAdvancedRoute.kt
dexIndexNotifyDone,common_dex_index_notify_done,common,app\src\main\java\com\qimian233\ztool\dexindex\base\DexIndexNotifier.kt
dexIndexNotifyDoneText,common_dex_index_notify_done_text,common,app\src\main\java\com\qimian233\ztool\dexindex\base\DexIndexNotifier.kt
dexIndexNotifyFailed,common_dex_index_notify_failed,common,app\src\main\java\com\qimian233\ztool\dexindex\base\DexIndexNotifier.kt
dexIndexProgressText,common_dex_index_progress_text,common,app\src\main\java\com\qimian233\ztool\ui\components\DexIndexProgressDialog.kt
dexIndexRefreshFailed,common_dex_index_refresh_failed,common,app\src\main\java\com\qimian233\ztool\viewmodel\AdvancedSettingsViewModel.kt;app\src\main\java\com\qimian233\ztool\viewmodel\HomeViewModel.kt
dexIndexRefreshed,common_dex_index_refreshed,common,app\src\main\java\com\qimian233\ztool\viewmodel\AdvancedSettingsViewModel.kt;app\src\main\java\com\qimian233\ztool\viewmodel\HomeViewModel.kt
disable_all_virus_scan,safe_center_disable_all_virus_scan,scope,app\src\main\java\com\qimian233\ztool\screens\safecenter\SafeCenterSettingsScreen.kt
disable_all_virus_scan_summary,safe_center_disable_all_virus_scan_summary,scope,app\src\main\java\com\qimian233\ztool\screens\safecenter\SafeCenterSettingsScreen.kt
disable_biometric_error_vibration_title,system_ui_misc_disable_biometric_error_vibration_title,scope,app\src\main\java\com\qimian233\ztool\screens\systemui\misc\SystemUiMiscSettingsScreen.kt
disable_dock_bar_summary,launcher_disable_dock_bar_summary,scope,app\src\main\java\com\qimian233\ztool\screens\launcher\LauncherSettingsScreen.kt
disable_dock_bar_title,launcher_disable_dock_bar_title,scope,app\src\main\java\com\qimian233\ztool\screens\launcher\LauncherSettingsScreen.kt
disable_dock_warning_message,launcher_disable_dock_warning_message,scope,app\src\main\java\com\qimian233\ztool\screens\launcher\LauncherSettingsScreen.kt
disable_dock_warning_title,launcher_disable_dock_warning_title,scope,app\src\main\java\com\qimian233\ztool\screens\launcher\LauncherSettingsScreen.kt
disable_flag_secure_summary,system_framework_disable_flag_secure_summary,scope,app\src\main\java\com\qimian233\ztool\screens\systemframework\FrameworkSettingsScreen.kt
disable_flag_secure_title,system_framework_disable_flag_secure_title,scope,app\src\main\java\com\qimian233\ztool\screens\systemframework\FrameworkSettingsScreen.kt
disable_force_stop_enable_summary,launcher_disable_force_stop_enable_summary,scope,app\src\main\java\com\qimian233\ztool\screens\launcher\LauncherSettingsScreen.kt
disable_force_stop_enable_title,launcher_disable_force_stop_enable_title,scope,app\src\main\java\com\qimian233\ztool\screens\launcher\LauncherSettingsScreen.kt
disable_force_stop_title,launcher_disable_force_stop_title,scope,app\src\main\java\com\qimian233\ztool\screens\launcher\LauncherSettingsScreen.kt
disable_guest_user_enable_summary,system_ui_misc_disable_guest_user_enable_summary,scope,app\src\main\java\com\qimian233\ztool\screens\systemui\misc\SystemUiMiscSettingsScreen.kt
disable_guest_user_enable_title,system_ui_misc_disable_guest_user_enable_title,scope,app\src\main\java\com\qimian233\ztool\screens\systemui\misc\SystemUiMiscSettingsScreen.kt
disable_hbm_thermal_limit_summary,system_framework_disable_hbm_thermal_limit_summary,scope,app\src\main\java\com\qimian233\ztool\screens\systemframework\FrameworkSettingsScreen.kt
disable_hbm_thermal_limit_title,system_framework_disable_hbm_thermal_limit_title,scope,app\src\main\java\com\qimian233\ztool\screens\systemframework\FrameworkSettingsScreen.kt
disable_nearby_share_auto_shutdown_title,mobile_desktop_disable_nearby_share_auto_shutdown_title,scope,app\src\main\java\com\qimian233\ztool\screens\mobiledesktop\MobileDesktopSettingsScreen.kt
disable_ota_auto_install_title,system_update_disable_ota_auto_install_title,scope,app\src\main\java\com\qimian233\ztool\screens\ota\OtaSettingsScreen.kt
disable_ota_notification_and_red_dot_summary,system_update_disable_ota_notification_and_red_dot_summary,scope,app\src\main\java\com\qimian233\ztool\screens\ota\OtaSettingsScreen.kt
disable_ota_notification_and_red_dot_title,system_update_disable_ota_notification_and_red_dot_title,scope,app\src\main\java\com\qimian233\ztool\screens\ota\OtaSettingsScreen.kt
disable_recent_app_display,launcher_disable_recent_app_display,scope,app\src\main\java\com\qimian233\ztool\screens\launcher\LauncherSettingsScreen.kt
disable_zui_applist_enable_summary,system_framework_disable_zui_applist_enable_summary,scope,app\src\main\java\com\qimian233\ztool\screens\systemframework\FrameworkSettingsScreen.kt
disable_zui_applist_enable_title,system_framework_disable_zui_applist_enable_title,scope,app\src\main\java\com\qimian233\ztool\screens\systemframework\FrameworkSettingsScreen.kt
disable_zui_applist_title,system_framework_disable_zui_applist_title,scope,app\src\main\java\com\qimian233\ztool\screens\systemframework\FrameworkSettingsScreen.kt
displaySurfaceViewBackground,settings_display_surface_view_background,scope,app\src\main\java\com\qimian233\ztool\screens\zuisetting\floatingwindow\FloatingWindow.kt
display_entry_in_settings,page_settings_display_entry_in_settings,page,app\src\main\java\com\qimian233\ztool\screens\ztoolsettings\SettingsRoute.kt
display_entry_in_settings_summary,page_settings_display_entry_in_settings_summary,page,app\src\main\java\com\qimian233\ztool\screens\ztoolsettings\SettingsRoute.kt
display_seconds_summary,system_ui_status_bar_display_seconds_summary,scope,app\src\main\java\com\qimian233\ztool\screens\systemui\statusbar\StatusBarSettingsScreen.kt
display_seconds_title,system_ui_status_bar_display_seconds_title,scope,app\src\main\java\com\qimian233\ztool\screens\systemui\statusbar\StatusBarSettingsScreen.kt
doNotUseDuplicatedFontName,settings_do_not_use_duplicated_font_name,scope,app\src\main\java\com\qimian233\ztool\screens\zuisetting\ZuiSettingsDetailScreen.kt
do_not_restart_system_button,page_home_do_not_restart_system_button,page,app\src\main\java\com\qimian233\ztool\screens\home\HomeRoute.kt
do_not_show_again,common_do_not_show_again,common,app\src\main\java\com\qimian233\ztool\screens\launcher\LauncherSettingsScreen.kt;app\src\main\java\com\qimian233\ztool\screens\systemui\lockscreen\LockScreenSettingsScreen.kt
dock_Title,launcher_dock_title,scope,app\src\main\java\com\qimian233\ztool\screens\launcher\LauncherSettingsScreen.kt
download_info_format,system_update_download_info_format,scope,app\src\main\java\com\qimian233\ztool\screens\ota\OtaSettingsScreen.kt
download_link_copied,system_update_download_link_copied,scope,app\src\main\java\com\qimian233\ztool\screens\ota\OtaSettingsScreen.kt
dynamic_color_summary,page_settings_dynamic_color_summary,page,app\src\main\java\com\qimian233\ztool\screens\ztoolsettings\theme\ThemeSettingsRoute.kt
dynamic_color_title,page_settings_dynamic_color_title,page,app\src\main\java\com\qimian233\ztool\screens\ztoolsettings\theme\ThemeSettingsRoute.kt
edl,page_home_edl,page,app\src\main\java\com\qimian233\ztool\viewmodel\HomeViewModel.kt
edl_confirm_message,page_home_edl_confirm_message,page,app\src\main\java\com\qimian233\ztool\viewmodel\HomeViewModel.kt
embedding_Title,settings_embedding_title,scope,app\src\main\java\com\qimian233\ztool\screens\zuisetting\ZuiSettingsDetailScreen.kt
embedding_setting_removeBlacklist,settings_embedding_setting_remove_blacklist,scope,app\src\main\java\com\qimian233\ztool\screens\zuisetting\ZuiSettingsDetailScreen.kt
embedding_setting_removeBlacklist_summary,settings_embedding_setting_remove_blacklist_summary,scope,app\src\main\java\com\qimian233\ztool\screens\zuisetting\ZuiSettingsDetailScreen.kt
embedding_setting_title,settings_embedding_setting_title,scope,app\src\main\java\com\qimian233\ztool\screens\zuisetting\ZuiSettingsDetailScreen.kt
enableDetailedLogging,page_settings_enable_detailed_logging,page,app\src\main\java\com\qimian233\ztool\screens\ztoolsettings\SettingsRoute.kt
enableDetailedLoggingDescription,page_settings_enable_detailed_logging_description,page,app\src\main\java\com\qimian233\ztool\screens\ztoolsettings\SettingsRoute.kt
enableHomePageYiyan,page_settings_enable_home_page_yiyan,page,app\src\main\java\com\qimian233\ztool\screens\ztoolsettings\SettingsRoute.kt
enableHomePageYiyanSummary,page_settings_enable_home_page_yiyan_summary,page,app\src\main\java\com\qimian233\ztool\screens\ztoolsettings\SettingsRoute.kt
enable_floating_bottom_bar_blur_summary,page_settings_enable_floating_bottom_bar_blur_summary,page,app\src\main\java\com\qimian233\ztool\screens\ztoolsettings\theme\ThemeSettingsRoute.kt
enable_floating_bottom_bar_blur_title,page_settings_enable_floating_bottom_bar_blur_title,page,app\src\main\java\com\qimian233\ztool\screens\ztoolsettings\theme\ThemeSettingsRoute.kt
enable_floating_bottom_bar_summary,page_settings_enable_floating_bottom_bar_summary,page,app\src\main\java\com\qimian233\ztool\screens\ztoolsettings\theme\ThemeSettingsRoute.kt
enable_floating_bottom_bar_title,page_settings_enable_floating_bottom_bar_title,page,app\src\main\java\com\qimian233\ztool\screens\ztoolsettings\theme\ThemeSettingsRoute.kt
environmentState,page_home_environment_state,page,app\src\main\java\com\qimian233\ztool\screens\home\HomeRoute.kt
environment_ready,page_home_environment_ready,page,app\src\main\java\com\qimian233\ztool\data\home\HomeRepository.kt;app\src\main\java\com\qimian233\ztool\MainActivity.kt
environment_tap_to_refresh,page_home_environment_tap_to_refresh,page,app\src\main\java\com\qimian233\ztool\screens\home\HomeRoute.kt
error_copy_assets,common_error_copy_assets,common,app\src\main\java\com\qimian233\ztool\utils\MagiskModuleManager.java
error_copy_original_config,common_error_copy_original_config,common,app\src\main\java\com\qimian233\ztool\utils\EmbeddingConfigManager.java
error_create_temp_dir,common_error_create_temp_dir,common,app\src\main\java\com\qimian233\ztool\utils\EmbeddingConfigManager.java;app\src\main\java\com\qimian233\ztool\utils\MagiskModuleManager.java
error_message_prefix,system_ui_error_message_prefix,scope,app\src\main\java\com\qimian233\ztool\data\systemui\LockScreenSettingsRepository.kt
error_prefix,common_error_prefix,common,app\src\main\java\com\qimian233\ztool\data\systemui\ControlCenterSettingsRepository.kt;app\src\main\java\com\qimian233\ztool\data\systemui\StatusBarSettingsRepository.kt;app\src\main\java\com\qimian233\ztool\screens\zuisetting\ZuiSettingsDetailScreen.kt
error_read_original_config,common_error_read_original_config,common,app\src\main\java\com\qimian233\ztool\utils\EmbeddingConfigManager.java
error_shell_command_failed,common_error_shell_command_failed,common,app\src\main\java\com\qimian233\ztool\utils\MagiskModuleManager.java;app\src\main\java\com\qimian233\ztool\utils\OvCommonConfigManager.java
error_title,common_error_title,common,app\src\main\java\com\qimian233\ztool\screens\ota\OtaSettingsScreen.kt;app\src\main\java\com\qimian233\ztool\screens\zuisetting\ZuiSettingsDetailScreen.kt
error_update_module_config,common_error_update_module_config,common,app\src\main\java\com\qimian233\ztool\utils\EmbeddingConfigManager.java
example_copied_message,system_ui_common_example_copied_message,scope,app\src\main\java\com\qimian233\ztool\screens\systemui\controlcenter\ControlCenterSettingsScreen.kt;app\src\main\java\com\qimian233\ztool\screens\systemui\statusbar\StatusBarSettingsScreen.kt
expand_qs_panel_portrait_summary,system_ui_control_center_expand_qs_panel_portrait_summary,scope,app\src\main\java\com\qimian233\ztool\screens\systemui\controlcenter\ControlCenterSettingsScreen.kt
expand_qs_panel_portrait_title,system_ui_control_center_expand_qs_panel_portrait_title,scope,app\src\main\java\com\qimian233\ztool\screens\systemui\controlcenter\ControlCenterSettingsScreen.kt
export_logs,page_settings_export_logs,page,app\src\main\java\com\qimian233\ztool\screens\ztoolsettings\SettingsRoute.kt
export_logs_failed,page_settings_export_logs_failed,page,app\src\main\java\com\qimian233\ztool\screens\ztoolsettings\SettingsRoute.kt
export_logs_success,page_settings_export_logs_success,page,app\src\main\java\com\qimian233\ztool\screens\ztoolsettings\SettingsRoute.kt
export_logs_summary,page_settings_export_logs_summary,page,app\src\main\java\com\qimian233\ztool\screens\ztoolsettings\SettingsRoute.kt
featuresFragment_title,page_features_title,page,app\src\main\java\com\qimian233\ztool\screens\features\FeaturesRoute.kt
features_all_filtered_warning,page_features_all_filtered_warning,page,app\src\main\java\com\qimian233\ztool\screens\features\FeaturesRoute.kt
features_app_list_permission_warning,page_features_app_list_permission_warning,page,app\src\main\java\com\qimian233\ztool\screens\features\FeaturesRoute.kt
fetching_firmware_info,system_update_fetching_firmware_info,scope,app\src\main\java\com\qimian233\ztool\screens\ota\OtaSettingsScreen.kt
final_confirmation_title,page_settings_final_confirmation_title,page,app\src\main\java\com\qimian233\ztool\screens\ztoolsettings\SettingsRoute.kt
finish_config_button,settings_finish_config_button,scope,app\src\main\java\com\qimian233\ztool\screens\zuisetting\floatingwindow\FloatingWindow.kt
firmware_download_link,system_update_firmware_download_link,scope,app\src\main\java\com\qimian233\ztool\screens\ota\OtaSettingsScreen.kt
firmware_extract_password,system_update_firmware_extract_password,scope,app\src\main\java\com\qimian233\ztool\screens\ota\OtaSettingsScreen.kt
firmware_first_upload_time,system_update_firmware_first_upload_time,scope,app\src\main\java\com\qimian233\ztool\screens\ota\OtaSettingsScreen.kt
firmware_last_update_time,system_update_firmware_last_update_time,scope,app\src\main\java\com\qimian233\ztool\screens\ota\OtaSettingsScreen.kt
firmware_platform_and_method,system_update_firmware_platform_and_method,scope,app\src\main\java\com\qimian233\ztool\screens\ota\OtaSettingsScreen.kt
firmware_platform_suffix,system_update_firmware_platform_suffix,scope,app\src\main\java\com\qimian233\ztool\screens\ota\OtaSettingsScreen.kt
firstrun_module_summary,page_firstrun_module_summary,page,app\src\main\java\com\qimian233\ztool\ui\firstrun\FirstrunAgreementRoute.kt
firstrun_module_title,page_firstrun_module_title,page,app\src\main\java\com\qimian233\ztool\ui\firstrun\FirstrunAgreementRoute.kt
firstrun_overlay_summary,page_firstrun_overlay_summary,page,app\src\main\java\com\qimian233\ztool\ui\firstrun\FirstrunAgreementRoute.kt
firstrun_overlay_title,page_firstrun_overlay_title,page,app\src\main\java\com\qimian233\ztool\ui\firstrun\FirstrunAgreementRoute.kt
firstrun_packages_summary,page_firstrun_packages_summary,page,app\src\main\java\com\qimian233\ztool\ui\firstrun\FirstrunAgreementRoute.kt
firstrun_packages_title,page_firstrun_packages_title,page,app\src\main\java\com\qimian233\ztool\ui\firstrun\FirstrunAgreementRoute.kt
firstrun_permissions_check_title,page_firstrun_permissions_check_title,page,app\src\main\java\com\qimian233\ztool\ui\firstrun\FirstrunAgreementRoute.kt
firstrun_permissions_pending,page_firstrun_permissions_pending,page,app\src\main\java\com\qimian233\ztool\ui\firstrun\FirstrunAgreementRoute.kt
firstrun_permissions_ready,page_firstrun_permissions_ready,page,app\src\main\java\com\qimian233\ztool\ui\firstrun\FirstrunAgreementRoute.kt
firstrun_permissions_subtitle,page_firstrun_permissions_subtitle,page,app\src\main\java\com\qimian233\ztool\ui\firstrun\FirstrunAgreementRoute.kt
firstrun_permissions_title,page_firstrun_permissions_title,page,app\src\main\java\com\qimian233\ztool\ui\firstrun\FirstrunAgreementRoute.kt
firstrun_previous,page_firstrun_previous,page,app\src\main\java\com\qimian233\ztool\ui\firstrun\FirstrunAgreementRoute.kt
firstrun_root_summary,page_firstrun_root_summary,page,app\src\main\java\com\qimian233\ztool\ui\firstrun\FirstrunAgreementRoute.kt
firstrun_root_title,page_firstrun_root_title,page,app\src\main\java\com\qimian233\ztool\ui\firstrun\FirstrunAgreementRoute.kt
firstrun_start,page_firstrun_start,page,app\src\main\java\com\qimian233\ztool\ui\firstrun\FirstrunAgreementRoute.kt
firstrun_usage_summary,page_firstrun_usage_summary,page,app\src\main\java\com\qimian233\ztool\ui\firstrun\FirstrunAgreementRoute.kt
firstrun_usage_title,page_firstrun_usage_title,page,app\src\main\java\com\qimian233\ztool\ui\firstrun\FirstrunAgreementRoute.kt
flashAddedConfig,settings_flash_added_config,scope,app\src\main\java\com\qimian233\ztool\screens\zuisetting\ZuiSettingsDetailScreen.kt
flash_failed_message,settings_flash_failed_message,scope,app\src\main\java\com\qimian233\ztool\screens\zuisetting\ZuiSettingsDetailScreen.kt
flashed_configs_count,settings_flashed_configs_count,scope,app\src\main\java\com\qimian233\ztool\screens\zuisetting\ZuiSettingsDetailScreen.kt
flashing_config,settings_flashing_config,scope,app\src\main\java\com\qimian233\ztool\screens\zuisetting\ZuiSettingsDetailScreen.kt
floating_window_closed,settings_floating_window_closed,scope,app\src\main\java\com\qimian233\ztool\screens\zuisetting\ZuiSettingsDetailScreen.kt
floating_window_started,settings_floating_window_started,scope,app\src\main\java\com\qimian233\ztool\screens\zuisetting\ZuiSettingsDetailScreen.kt
fontDescription,settings_font_description,scope,app\src\main\java\com\qimian233\ztool\screens\zuisetting\ZuiSettingsDetailScreen.kt
fontName,settings_font_name,scope,app\src\main\java\com\qimian233\ztool\screens\zuisetting\ZuiSettingsDetailScreen.kt
font_author,common_font_author,common,app\src\main\java\com\qimian233\ztool\utils\FontInstallerManager.java
font_language,common_font_language,common,app\src\main\java\com\qimian233\ztool\utils\FontInstallerManager.java
font_preview_text,common_font_preview_text,common,app\src\main\java\com\qimian233\ztool\utils\FontInstallerManager.java
font_settings_title,settings_font_settings_title,scope,app\src\main\java\com\qimian233\ztool\screens\zuisetting\ZuiSettingsDetailScreen.kt
force_fullscreen_pages,settings_force_fullscreen_pages,scope,app\src\main\java\com\qimian233\ztool\screens\zuisetting\magicwindowsearch\searchPage.kt
force_on_off_animation,system_framework_force_on_off_animation,scope,app\src\main\java\com\qimian233\ztool\screens\systemframework\FrameworkSettingsScreen.kt
force_on_off_animation_summary,system_framework_force_on_off_animation_summary,scope,app\src\main\java\com\qimian233\ztool\screens\systemframework\FrameworkSettingsScreen.kt
force_relative_app_freeform_title,system_framework_force_relative_app_freeform_title,scope,app\src\main\java\com\qimian233\ztool\screens\systemframework\FrameworkSettingsScreen.kt
force_stop_fail,launcher_force_stop_fail,scope,app\src\main\java\com\qimian233\ztool\screens\launcher\LauncherSettingsScreen.kt
force_stop_success,launcher_force_stop_success,scope,app\src\main\java\com\qimian233\ztool\screens\launcher\LauncherSettingsScreen.kt
force_stop_title,launcher_force_stop_title,scope,app\src\main\java\com\qimian233\ztool\screens\launcher\LauncherSettingsScreen.kt
format_help_clock_example_lunar,system_ui_status_bar_format_help_clock_example_lunar,scope,app\src\main\java\com\qimian233\ztool\screens\systemui\statusbar\StatusBarSettingsScreen.kt
format_help_clock_example_seconds,system_ui_status_bar_format_help_clock_example_seconds,scope,app\src\main\java\com\qimian233\ztool\screens\systemui\statusbar\StatusBarSettingsScreen.kt
format_help_clock_example_short,system_ui_status_bar_format_help_clock_example_short,scope,app\src\main\java\com\qimian233\ztool\screens\systemui\statusbar\StatusBarSettingsScreen.kt
format_help_clock_pattern_lunar,system_ui_status_bar_format_help_clock_pattern_lunar,scope,app\src\main\java\com\qimian233\ztool\screens\systemui\statusbar\StatusBarSettingsScreen.kt
format_help_clock_pattern_seconds,system_ui_status_bar_format_help_clock_pattern_seconds,scope,app\src\main\java\com\qimian233\ztool\screens\systemui\statusbar\StatusBarSettingsScreen.kt
format_help_clock_pattern_short,system_ui_status_bar_format_help_clock_pattern_short,scope,app\src\main\java\com\qimian233\ztool\screens\systemui\statusbar\StatusBarSettingsScreen.kt
format_help_date_example_full,system_ui_control_center_format_help_date_example_full,scope,app\src\main\java\com\qimian233\ztool\screens\systemui\controlcenter\ControlCenterSettingsScreen.kt
format_help_date_example_short,system_ui_control_center_format_help_date_example_short,scope,app\src\main\java\com\qimian233\ztool\screens\systemui\controlcenter\ControlCenterSettingsScreen.kt
format_help_date_example_time,system_ui_control_center_format_help_date_example_time,scope,app\src\main\java\com\qimian233\ztool\screens\systemui\controlcenter\ControlCenterSettingsScreen.kt
format_help_date_pattern_full,system_ui_control_center_format_help_date_pattern_full,scope,app\src\main\java\com\qimian233\ztool\screens\systemui\controlcenter\ControlCenterSettingsScreen.kt
format_help_date_pattern_short,system_ui_control_center_format_help_date_pattern_short,scope,app\src\main\java\com\qimian233\ztool\screens\systemui\controlcenter\ControlCenterSettingsScreen.kt
format_help_date_pattern_time,system_ui_control_center_format_help_date_pattern_time,scope,app\src\main\java\com\qimian233\ztool\screens\systemui\controlcenter\ControlCenterSettingsScreen.kt
format_help_day,system_ui_control_center_format_help_day,scope,app\src\main\java\com\qimian233\ztool\screens\systemui\controlcenter\ControlCenterSettingsScreen.kt
format_help_hour_24,system_ui_status_bar_format_help_hour_24,scope,app\src\main\java\com\qimian233\ztool\screens\systemui\statusbar\StatusBarSettingsScreen.kt
format_help_lunar_date,system_ui_common_format_help_lunar_date,scope,app\src\main\java\com\qimian233\ztool\screens\systemui\controlcenter\ControlCenterSettingsScreen.kt;app\src\main\java\com\qimian233\ztool\screens\systemui\statusbar\StatusBarSettingsScreen.kt
format_help_minute,system_ui_status_bar_format_help_minute,scope,app\src\main\java\com\qimian233\ztool\screens\systemui\statusbar\StatusBarSettingsScreen.kt
format_help_month,system_ui_control_center_format_help_month,scope,app\src\main\java\com\qimian233\ztool\screens\systemui\controlcenter\ControlCenterSettingsScreen.kt
format_help_period,system_ui_status_bar_format_help_period,scope,app\src\main\java\com\qimian233\ztool\screens\systemui\statusbar\StatusBarSettingsScreen.kt
format_help_second,system_ui_status_bar_format_help_second,scope,app\src\main\java\com\qimian233\ztool\screens\systemui\statusbar\StatusBarSettingsScreen.kt
format_help_solar_term,system_ui_control_center_format_help_solar_term,scope,app\src\main\java\com\qimian233\ztool\screens\systemui\controlcenter\ControlCenterSettingsScreen.kt
format_help_weekday,system_ui_common_format_help_weekday,scope,app\src\main\java\com\qimian233\ztool\screens\systemui\controlcenter\ControlCenterSettingsScreen.kt;app\src\main\java\com\qimian233\ztool\screens\systemui\statusbar\StatusBarSettingsScreen.kt
format_help_year,system_ui_control_center_format_help_year,scope,app\src\main\java\com\qimian233\ztool\screens\systemui\controlcenter\ControlCenterSettingsScreen.kt
framework,page_home_framework,page,app\src\main\java\com\qimian233\ztool\screens\home\HomeRoute.kt
framework_misc_title,system_framework_misc_title,scope,app\src\main\java\com\qimian233\ztool\screens\systemframework\FrameworkSettingsScreen.kt
framework_screen_and_display_title,system_framework_screen_and_display_title,scope,app\src\main\java\com\qimian233\ztool\screens\systemframework\FrameworkSettingsScreen.kt
frontend_style_material3,page_settings_frontend_style_material3,page,app\src\main\java\com\qimian233\ztool\screens\ztoolsettings\theme\ThemeSettingsRoute.kt
frontend_style_miuix,page_settings_frontend_style_miuix,page,app\src\main\java\com\qimian233\ztool\screens\ztoolsettings\theme\ThemeSettingsRoute.kt
frontend_style_title,page_settings_frontend_style_title,page,app\src\main\java\com\qimian233\ztool\screens\ztoolsettings\theme\ThemeSettingsRoute.kt
fun_title_function,package_installer_fun_title_function,scope,app\src\main\java\com\qimian233\ztool\screens\packageinstaller\PackageInstallerSettingsScreen.kt
function_title,game_tool_function_title,scope,app\src\main\java\com\qimian233\ztool\screens\gametool\GameToolSettingsScreen.kt
game_tool_app_description,game_tool_app_description,skip,app\src\main\java\com\qimian233\ztool\screens\features\FeaturesRoute.kt
game_tool_app_name,game_tool_app_name,skip,app\src\main\java\com\qimian233\ztool\navigation\ZToolNavHost.kt;app\src\main\java\com\qimian233\ztool\screens\features\FeaturesRoute.kt
global_search,launcher_global_search,scope,app\src\main\java\com\qimian233\ztool\screens\launcher\LauncherSettingsScreen.kt
got_it_button,settings_got_it_button,scope,app\src\main\java\com\qimian233\ztool\screens\zuisetting\ZuiSettingsDetailScreen.kt
gotoFeaturePage,nav_features,nav,app\src\main\java\com\qimian233\ztool\navigation\ZToolDestinations.kt
gotoHomePage,nav_home,nav,app\src\main\java\com\qimian233\ztool\navigation\ZToolDestinations.kt
gotoSettingsPage,nav_settings,nav,app\src\main\java\com\qimian233\ztool\navigation\ZToolDestinations.kt
have_not_restart_warn,page_home_have_not_restart_warn,page,app\src\main\java\com\qimian233\ztool\screens\home\HomeRoute.kt
head_up_corner_radius,system_ui_control_center_head_up_corner_radius,scope,app\src\main\java\com\qimian233\ztool\screens\systemui\controlcenter\ControlCenterSettingsScreen.kt
hide_ota_update_hint,system_update_hide_ota_update_hint,scope,app\src\main\java\com\qimian233\ztool\data\keys\PreferenceKeys.kt;app\src\main\java\com\qimian233\ztool\hook\modules\setting\HideOtaUpdateHint.kt;app\src\main\java\com\qimian233\ztool\screens\ota\OtaSettingsScreen.kt
homeFragment_title,page_home_title,page,app\src\main\java\com\qimian233\ztool\screens\home\HomeRoute.kt
homepage_yiyan,page_home_homepage_yiyan,page,app\src\main\java\com\qimian233\ztool\data\home\HomeRepository.kt
http_error_prefix,system_ui_http_error_prefix,scope,app\src\main\java\com\qimian233\ztool\data\systemui\LockScreenSettingsRepository.kt
import_failed_title,settings_import_failed_title,scope,app\src\main\java\com\qimian233\ztool\screens\zuisetting\ZuiSettingsDetailScreen.kt
import_font_summary,settings_import_font_summary,scope,app\src\main\java\com\qimian233\ztool\screens\zuisetting\ZuiSettingsDetailScreen.kt
import_font_title,settings_import_font_title,scope,app\src\main\java\com\qimian233\ztool\screens\zuisetting\ZuiSettingsDetailScreen.kt
import_success_message,settings_import_success_message,scope,app\src\main\java\com\qimian233\ztool\screens\zuisetting\ZuiSettingsDetailScreen.kt
import_success_title,settings_import_success_title,scope,app\src\main\java\com\qimian233\ztool\screens\zuisetting\ZuiSettingsDetailScreen.kt
importing_font,settings_importing_font,scope,app\src\main\java\com\qimian233\ztool\screens\zuisetting\ZuiSettingsDetailScreen.kt
inputColumnNumberHere,launcher_input_column_number_here,scope,app\src\main\java\com\qimian233\ztool\screens\launcher\LauncherSettingsScreen.kt
inputRowNumberHere,launcher_input_row_number_here,scope,app\src\main\java\com\qimian233\ztool\screens\launcher\LauncherSettingsScreen.kt
input_font_info_title,settings_input_font_info_title,scope,app\src\main\java\com\qimian233\ztool\screens\zuisetting\ZuiSettingsDetailScreen.kt
install_failed_message,settings_install_failed_message,scope,app\src\main\java\com\qimian233\ztool\screens\zuisetting\ZuiSettingsDetailScreen.kt
install_module_first,settings_install_module_first,scope,app\src\main\java\com\qimian233\ztool\screens\zuisetting\ZuiSettingsDetailScreen.kt
install_success_message,settings_install_success_message,scope,app\src\main\java\com\qimian233\ztool\screens\zuisetting\ZuiSettingsDetailScreen.kt
installing_module,settings_installing_module,scope,app\src\main\java\com\qimian233\ztool\screens\zuisetting\ZuiSettingsDetailScreen.kt
keep_rotation_enable_summary,system_framework_keep_rotation_enable_summary,scope,app\src\main\java\com\qimian233\ztool\screens\systemframework\FrameworkSettingsScreen.kt
keep_rotation_enable_title,system_framework_keep_rotation_enable_title,scope,app\src\main\java\com\qimian233\ztool\screens\systemframework\FrameworkSettingsScreen.kt
kernelVersion,page_home_kernel_version,page,app\src\main\java\com\qimian233\ztool\screens\home\HomeRoute.kt
kernelsu_format,page_home_kernelsu_format,page,app\src\main\java\com\qimian233\ztool\data\home\HomeRepository.kt
launcher_app_description,launcher_app_description,skip,app\src\main\java\com\qimian233\ztool\screens\features\FeaturesRoute.kt
launcher_app_name,launcher_app_name,skip,app\src\main\java\com\qimian233\ztool\navigation\ZToolNavHost.kt;app\src\main\java\com\qimian233\ztool\screens\features\FeaturesRoute.kt
launcher_batch_uninstall,launcher_launcher_batch_uninstall,scope,app\src\main\java\com\qimian233\ztool\data\keys\PreferenceKeys.kt;app\src\main\java\com\qimian233\ztool\screens\launcher\LauncherSettingsScreen.kt
launcher_batch_uninstall_summary,launcher_launcher_batch_uninstall_summary,scope,app\src\main\java\com\qimian233\ztool\screens\launcher\LauncherSettingsScreen.kt
launcher_drawer_no_label_mode_summary,launcher_launcher_drawer_no_label_mode_summary,scope,app\src\main\java\com\qimian233\ztool\screens\launcher\LauncherSettingsScreen.kt
launcher_drawer_no_label_mode_title,launcher_launcher_drawer_no_label_mode_title,scope,app\src\main\java\com\qimian233\ztool\screens\launcher\LauncherSettingsScreen.kt
launcher_hide_blue_point_title,launcher_launcher_hide_blue_point_title,scope,app\src\main\java\com\qimian233\ztool\screens\launcher\LauncherSettingsScreen.kt
launcher_no_label_mode_summary,launcher_launcher_no_label_mode_summary,scope,app\src\main\java\com\qimian233\ztool\screens\launcher\LauncherSettingsScreen.kt
launcher_no_label_mode_title,launcher_launcher_no_label_mode_title,scope,app\src\main\java\com\qimian233\ztool\screens\launcher\LauncherSettingsScreen.kt
left_transparent_activities,settings_left_transparent_activities,scope,app\src\main\java\com\qimian233\ztool\screens\zuisetting\magicwindowsearch\searchPage.kt
letter_spacing_title,system_ui_status_bar_letter_spacing_title,scope,app\src\main\java\com\qimian233\ztool\screens\systemui\statusbar\StatusBarSettingsScreen.kt
list_item_format,settings_list_item_format,scope,app\src\main\java\com\qimian233\ztool\screens\zuisetting\magicwindowsearch\searchPage.kt
loading,common_loading,common,app\src\main\java\com\qimian233\ztool\screens\home\HomeRoute.kt;app\src\main\java\com\qimian233\ztool\screens\ztoolsettings\about\SettingsAboutRoute.kt;app\src\main\java\com\qimian233\ztool\ui\components\LoadingDialog.kt
loadingUserAPP,common_loading_user_app,common,app\src\main\java\com\qimian233\ztool\utils\AppChooserDialog.kt
loading_ellipsis,system_update_loading_ellipsis,scope,app\src\main\java\com\qimian233\ztool\data\ota\OtaSettingsRepository.kt;app\src\main\java\com\qimian233\ztool\screens\ota\OtaSettingsScreen.kt
lock_screen_settings_title_suffix,system_ui_lock_screen_title_suffix,scope,app\src\main\java\com\qimian233\ztool\navigation\ZToolNavHost.kt
log_service_require_manual_restart,common_log_service_require_manual_restart,common,app\src\main\java\com\qimian233\ztool\MainActivity.kt
log_settings_title,page_settings_log_settings_title,page,app\src\main\java\com\qimian233\ztool\screens\ztoolsettings\SettingsRoute.kt
lsposed_log_sync_failed,common_lsposed_log_sync_failed,common,app\src\main\java\com\qimian233\ztool\utils\LogUtils.kt
lsposed_standard_format,page_home_lsposed_standard_format,page,app\src\main\java\com\qimian233\ztool\data\home\HomeRepository.kt
magisk_su_format,page_home_magisk_su_format,page,app\src\main\java\com\qimian233\ztool\data\home\HomeRepository.kt
main_activity_info,settings_main_activity_info,scope,app\src\main\java\com\qimian233\ztool\screens\zuisetting\magicwindowsearch\searchPage.kt
manual_color_summary,page_settings_manual_color_summary,page,app\src\main\java\com\qimian233\ztool\screens\ztoolsettings\theme\ThemeSettingsRoute.kt
manual_color_title,page_settings_manual_color_title,page,app\src\main\java\com\qimian233\ztool\screens\ztoolsettings\theme\ThemeSettingsRoute.kt
manual_seed_color_error,page_settings_manual_seed_color_error,page,app\src\main\java\com\qimian233\ztool\screens\ztoolsettings\theme\ThemeSettingsRoute.kt
manual_seed_color_summary,page_settings_manual_seed_color_summary,page,app\src\main\java\com\qimian233\ztool\screens\ztoolsettings\theme\ThemeSettingsRoute.kt
manual_seed_color_title,page_settings_manual_seed_color_title,page,app\src\main\java\com\qimian233\ztool\screens\ztoolsettings\theme\ThemeSettingsRoute.kt
material_color_spec_2021,page_settings_material_color_spec_2021,page,app\src\main\java\com\qimian233\ztool\screens\ztoolsettings\theme\ThemeSettingsRoute.kt
material_color_spec_2025,page_settings_material_color_spec_2025,page,app\src\main\java\com\qimian233\ztool\screens\ztoolsettings\theme\ThemeSettingsRoute.kt
material_color_spec_title,page_settings_material_color_spec_title,page,app\src\main\java\com\qimian233\ztool\screens\ztoolsettings\theme\ThemeSettingsRoute.kt
material_palette_mode_content,page_settings_material_palette_mode_content,page,app\src\main\java\com\qimian233\ztool\screens\ztoolsettings\theme\ThemeSettingsRoute.kt
material_palette_mode_expressive,page_settings_material_palette_mode_expressive,page,app\src\main\java\com\qimian233\ztool\screens\ztoolsettings\theme\ThemeSettingsRoute.kt
material_palette_mode_fidelity,page_settings_material_palette_mode_fidelity,page,app\src\main\java\com\qimian233\ztool\screens\ztoolsettings\theme\ThemeSettingsRoute.kt
material_palette_mode_fruit_salad,page_settings_material_palette_mode_fruit_salad,page,app\src\main\java\com\qimian233\ztool\screens\ztoolsettings\theme\ThemeSettingsRoute.kt
material_palette_mode_mono_chrome,page_settings_material_palette_mode_mono_chrome,page,app\src\main\java\com\qimian233\ztool\screens\ztoolsettings\theme\ThemeSettingsRoute.kt
material_palette_mode_neutral,page_settings_material_palette_mode_neutral,page,app\src\main\java\com\qimian233\ztool\screens\ztoolsettings\theme\ThemeSettingsRoute.kt
material_palette_mode_rainbow,page_settings_material_palette_mode_rainbow,page,app\src\main\java\com\qimian233\ztool\screens\ztoolsettings\theme\ThemeSettingsRoute.kt
material_palette_mode_title,page_settings_material_palette_mode_title,page,app\src\main\java\com\qimian233\ztool\screens\ztoolsettings\theme\ThemeSettingsRoute.kt
material_palette_mode_tonal_spot,page_settings_material_palette_mode_tonal_spot,page,app\src\main\java\com\qimian233\ztool\screens\ztoolsettings\theme\ThemeSettingsRoute.kt
material_palette_mode_vibrant,page_settings_material_palette_mode_vibrant,page,app\src\main\java\com\qimian233\ztool\screens\ztoolsettings\theme\ThemeSettingsRoute.kt
misc,settings_misc,scope,app\src\main\java\com\qimian233\ztool\screens\zuisetting\ZuiSettingsDetailScreen.kt
mobile_desktop_app_description,mobile_desktop_app_description,skip,app\src\main\java\com\qimian233\ztool\screens\features\FeaturesRoute.kt
mobile_desktop_app_name,mobile_desktop_app_name,skip,app\src\main\java\com\qimian233\ztool\navigation\ZToolNavHost.kt;app\src\main\java\com\qimian233\ztool\screens\features\FeaturesRoute.kt
module_active,page_home_module_active,page,app\src\main\java\com\qimian233\ztool\screens\home\HomeRoute.kt
module_config_tips,settings_module_config_tips,scope,app\src\main\java\com\qimian233\ztool\data\settings\MagicWindowSearchRepository.kt
module_inactive,page_home_module_inactive,page,app\src\main\java\com\qimian233\ztool\screens\home\HomeRoute.kt
module_version_unknown,page_home_module_version_unknown,page,app\src\main\java\com\qimian233\ztool\data\home\HomeRepository.kt
moreBig_dockSummary,launcher_more_big_dock_summary,scope,app\src\main\java\com\qimian233\ztool\screens\launcher\LauncherSettingsScreen.kt
moreBig_dockTitle,launcher_more_big_dock_title,scope,app\src\main\java\com\qimian233\ztool\screens\launcher\LauncherSettingsScreen.kt
moreSettings,page_settings_more_settings,page,app\src\main\java\com\qimian233\ztool\screens\ztoolsettings\SettingsRoute.kt
nextStep,page_firstrun_next_step,page,app\src\main\java\com\qimian233\ztool\ui\firstrun\FirstrunAgreementRoute.kt
next_button,settings_next_button,scope,app\src\main\java\com\qimian233\ztool\screens\zuisetting\floatingwindow\FloatingWindow.kt
noActivityAdded,settings_no_activity_added,scope,app\src\main\java\com\qimian233\ztool\data\settings\FloatingWindowRepository.kt
noChargingAnimation_enable_summary,system_ui_animation_no_charging_animation_enable_summary,scope,app\src\main\java\com\qimian233\ztool\screens\systemui\animation\AnimationWallpaperSettingsScreen.kt
noChargingAnimation_enable_title,system_ui_animation_no_charging_animation_enable_title,scope,app\src\main\java\com\qimian233\ztool\screens\systemui\animation\AnimationWallpaperSettingsScreen.kt
noChargingAnimation_title,system_ui_animation_no_charging_animation_title,scope,app\src\main\java\com\qimian233\ztool\screens\systemui\animation\AnimationWallpaperSettingsScreen.kt
no_changelog_available,system_update_no_changelog_available,scope,app\src\main\java\com\qimian233\ztool\data\ota\OtaSettingsRepository.kt
no_config_files_prompt,settings_no_config_files_prompt,scope,app\src\main\java\com\qimian233\ztool\screens\zuisetting\ZuiSettingsDetailScreen.kt
no_download_link,system_update_no_download_link,scope,app\src\main\java\com\qimian233\ztool\data\ota\OtaSettingsRepository.kt
no_file_manager_found,settings_no_file_manager_found,scope,app\src\main\java\com\qimian233\ztool\screens\zuisetting\ZuiSettingsDetailScreen.kt
no_password_per_24h,system_framework_no_password_per_24h,scope,app\src\main\java\com\qimian233\ztool\screens\systemframework\FrameworkSettingsScreen.kt
no_password_per_24h_summary,system_framework_no_password_per_24h_summary,scope,app\src\main\java\com\qimian233\ztool\screens\systemframework\FrameworkSettingsScreen.kt
no_root_and_module_inactive,page_home_no_root_and_module_inactive,page,app\src\main\java\com\qimian233\ztool\screens\home\HomeRoute.kt
no_root_permission,page_home_no_root_permission,page,app\src\main\java\com\qimian233\ztool\screens\home\HomeRoute.kt
no_tip_next_time,common_no_tip_next_time,common,app\src\main\java\com\qimian233\ztool\screens\launcher\LauncherSettingsScreen.kt;app\src\main\java\com\qimian233\ztool\screens\systemui\lockscreen\LockScreenSettingsScreen.kt
non_zuxos_warn,page_home_non_zuxos_warn,page,app\src\main\java\com\qimian233\ztool\screens\home\HomeRoute.kt
normal_tile_corner_radius,system_ui_control_center_normal_tile_corner_radius,scope,app\src\main\java\com\qimian233\ztool\screens\systemui\controlcenter\ControlCenterSettingsScreen.kt
not_in_scope_tip,page_features_not_in_scope_tip,page,app\src\main\java\com\qimian233\ztool\screens\features\FeaturesRoute.kt
notification_center_background,system_ui_control_center_notification_center_background,scope,app\src\main\java\com\qimian233\ztool\screens\systemui\controlcenter\ControlCenterSettingsScreen.kt
notification_center_blur_strength_summary,system_ui_control_center_notification_center_blur_strength_summary,scope,app\src\main\java\com\qimian233\ztool\screens\systemui\controlcenter\ControlCenterSettingsScreen.kt
notification_center_blur_strength_title,system_ui_control_center_notification_center_blur_strength_title,scope,app\src\main\java\com\qimian233\ztool\screens\systemui\controlcenter\ControlCenterSettingsScreen.kt
notification_center_blur_summary,system_ui_control_center_notification_center_blur_summary,scope,app\src\main\java\com\qimian233\ztool\screens\systemui\controlcenter\ControlCenterSettingsScreen.kt
notification_center_blur_title,system_ui_control_center_notification_center_blur_title,scope,app\src\main\java\com\qimian233\ztool\screens\systemui\controlcenter\ControlCenterSettingsScreen.kt
notification_icon_limit_summary,system_ui_status_bar_notification_icon_limit_summary,scope,app\src\main\java\com\qimian233\ztool\screens\systemui\statusbar\StatusBarSettingsScreen.kt
notification_icon_limit_title,system_ui_status_bar_notification_icon_limit_title,scope,app\src\main\java\com\qimian233\ztool\screens\systemui\statusbar\StatusBarSettingsScreen.kt
notification_icon_native_summary,system_ui_status_bar_notification_icon_native_summary,scope,app\src\main\java\com\qimian233\ztool\screens\systemui\statusbar\StatusBarSettingsScreen.kt
notification_icon_native_title,system_ui_status_bar_notification_icon_native_title,scope,app\src\main\java\com\qimian233\ztool\screens\systemui\statusbar\StatusBarSettingsScreen.kt
notification_icon_number_to_show,system_ui_status_bar_notification_icon_number_to_show,scope,app\src\main\java\com\qimian233\ztool\screens\systemui\statusbar\StatusBarSettingsScreen.kt
notify_num_default,system_ui_notify_num_default,scope,app\src\main\java\com\qimian233\ztool\data\systemui\StatusBarSettingsRepository.kt
notify_num_unlimited,system_ui_notify_num_unlimited,scope,app\src\main\java\com\qimian233\ztool\data\systemui\StatusBarSettingsRepository.kt
official_config_tips,settings_official_config_tips,scope,app\src\main\java\com\qimian233\ztool\data\settings\MagicWindowSearchRepository.kt
open_app_language_settings_failed,page_settings_open_app_language_settings_failed,page,app\src\main\java\com\qimian233\ztool\screens\ztoolsettings\SettingsRoute.kt
open_web_link_failed,common_open_web_link_failed,common,app\src\main\java\com\qimian233\ztool\screens\home\HomeRoute.kt;app\src\main\java\com\qimian233\ztool\screens\ztoolsettings\about\SettingsAboutRoute.kt
original_response_prefix,system_ui_original_response_prefix,scope,app\src\main\java\com\qimian233\ztool\data\systemui\LockScreenSettingsRepository.kt
ota_info_clipboard_label,system_update_ota_info_clipboard_label,scope,app\src\main\java\com\qimian233\ztool\screens\ota\OtaSettingsScreen.kt
ota_info_fetch_failed,system_update_ota_info_fetch_failed,scope,app\src\main\java\com\qimian233\ztool\screens\ota\OtaSettingsScreen.kt
ota_update_info_title,system_update_update_info_title,scope,app\src\main\java\com\qimian233\ztool\screens\ota\OtaSettingsScreen.kt
overlay_permission_denied,settings_overlay_permission_denied,scope,app\src\main\java\com\qimian233\ztool\screens\zuisetting\ZuiSettingsDetailScreen.kt
package_info_header,settings_package_info_header,scope,app\src\main\java\com\qimian233\ztool\screens\zuisetting\magicwindowsearch\searchPage.kt
package_installer_app_description,package_installer_app_description,skip,app\src\main\java\com\qimian233\ztool\screens\features\FeaturesRoute.kt
package_installer_app_name,package_installer_app_name,skip,app\src\main\java\com\qimian233\ztool\navigation\ZToolNavHost.kt;app\src\main\java\com\qimian233\ztool\screens\features\FeaturesRoute.kt
parallel_window_details_title,settings_parallel_window_details_title,scope,app\src\main\java\com\qimian233\ztool\screens\zuisetting\magicwindowsearch\searchPage.kt
password_copied,system_update_password_copied,scope,app\src\main\java\com\qimian233\ztool\screens\ota\OtaSettingsScreen.kt
pause_primary_activity,settings_pause_primary_activity,scope,app\src\main\java\com\qimian233\ztool\screens\zuisetting\magicwindowsearch\searchPage.kt
percent_unit,system_ui_control_center_percent_unit,scope,app\src\main\java\com\qimian233\ztool\screens\systemui\controlcenter\ControlCenterSettingsScreen.kt
placeHolderUnknown,page_home_place_holder_unknown,page,app\src\main\java\com\qimian233\ztool\screens\home\HomeRoute.kt
please_input_api_address,system_ui_lock_screen_please_input_api_address,scope,app\src\main\java\com\qimian233\ztool\screens\systemui\lockscreen\LockScreenSettingsScreen.kt
predictive_back_gesture_summary,page_settings_predictive_back_gesture_summary,page,app\src\main\java\com\qimian233\ztool\screens\ztoolsettings\theme\ThemeSettingsRoute.kt
predictive_back_gesture_title,page_settings_predictive_back_gesture_title,page,app\src\main\java\com\qimian233\ztool\screens\ztoolsettings\theme\ThemeSettingsRoute.kt
preparing_font_file,settings_preparing_font_file,scope,app\src\main\java\com\qimian233\ztool\screens\zuisetting\ZuiSettingsDetailScreen.kt
preview_default,system_ui_preview_default,scope,app\src\main\java\com\qimian233\ztool\data\systemui\ControlCenterSettingsRepository.kt;app\src\main\java\com\qimian233\ztool\data\systemui\StatusBarSettingsRepository.kt
preview_display,system_ui_preview_display,scope,app\src\main\java\com\qimian233\ztool\data\systemui\ControlCenterSettingsRepository.kt;app\src\main\java\com\qimian233\ztool\data\systemui\StatusBarSettingsRepository.kt
preview_invalid,system_ui_preview_invalid,scope,app\src\main\java\com\qimian233\ztool\data\systemui\ControlCenterSettingsRepository.kt;app\src\main\java\com\qimian233\ztool\data\systemui\StatusBarSettingsRepository.kt
protected_apps_summary,launcher_protected_apps_summary,scope,app\src\main\java\com\qimian233\ztool\screens\launcher\LauncherSettingsScreen.kt
qs_panel_width_percent_summary,system_ui_control_center_panel_width_percent_summary,scope,app\src\main\java\com\qimian233\ztool\screens\systemui\controlcenter\ControlCenterSettingsScreen.kt
qs_panel_width_percent_title,system_ui_control_center_panel_width_percent_title,scope,app\src\main\java\com\qimian233\ztool\screens\systemui\controlcenter\ControlCenterSettingsScreen.kt
qs_tile_columns_summary,system_ui_control_center_tile_columns_summary,scope,app\src\main\java\com\qimian233\ztool\screens\systemui\controlcenter\ControlCenterSettingsScreen.kt
qs_tile_columns_title,system_ui_control_center_tile_columns_title,scope,app\src\main\java\com\qimian233\ztool\screens\systemui\controlcenter\ControlCenterSettingsScreen.kt
quick_help_examples_title,common_quick_help_examples_title,common,app\src\main\java\com\qimian233\ztool\screens\systemframework\FrameworkSettingsScreen.kt;app\src\main\java\com\qimian233\ztool\screens\systemui\controlcenter\ControlCenterSettingsScreen.kt;app\src\main\java\com\qimian233\ztool\screens\systemui\statusbar\StatusBarSettingsScreen.kt
quick_help_lookup_title,common_quick_help_lookup_title,common,app\src\main\java\com\qimian233\ztool\screens\systemframework\FrameworkSettingsScreen.kt;app\src\main\java\com\qimian233\ztool\screens\systemui\controlcenter\ControlCenterSettingsScreen.kt;app\src\main\java\com\qimian233\ztool\screens\systemui\statusbar\StatusBarSettingsScreen.kt
ram_formatter,ztool_ram_formatter,ztool,app\src\main\java\com\qimian233\ztool\hook\modules\launcher\misc\RecentTaskMemoryViewHook.kt
ram_unavailable,ztool_ram_unavailable,ztool,app\src\main\java\com\qimian233\ztool\hook\modules\launcher\misc\RecentTaskMemoryViewHook.kt
realwatts_custom_format_enabled,system_ui_lock_screen_realwatts_custom_format_enabled,scope,app\src\main\java\com\qimian233\ztool\screens\systemui\lockscreen\LockScreenSettingsScreen.kt
realwatts_custom_format_enabled_summary,system_ui_lock_screen_realwatts_custom_format_enabled_summary,scope,app\src\main\java\com\qimian233\ztool\screens\systemui\lockscreen\LockScreenSettingsScreen.kt
realwatts_custom_format_hint,system_ui_lock_screen_realwatts_custom_format_hint,scope,app\src\main\java\com\qimian233\ztool\screens\systemui\lockscreen\LockScreenSettingsScreen.kt
realwatts_custom_format_label,system_ui_lock_screen_realwatts_custom_format_label,scope,app\src\main\java\com\qimian233\ztool\screens\systemui\lockscreen\LockScreenSettingsScreen.kt
realwatts_show_current,system_ui_lock_screen_realwatts_show_current,scope,app\src\main\java\com\qimian233\ztool\screens\systemui\lockscreen\LockScreenSettingsScreen.kt
realwatts_show_current_summary,system_ui_lock_screen_realwatts_show_current_summary,scope,app\src\main\java\com\qimian233\ztool\screens\systemui\lockscreen\LockScreenSettingsScreen.kt
realwatts_show_indicator,system_ui_lock_screen_realwatts_show_indicator,scope,app\src\main\java\com\qimian233\ztool\screens\systemui\lockscreen\LockScreenSettingsScreen.kt
realwatts_show_indicator_summary,system_ui_lock_screen_realwatts_show_indicator_summary,scope,app\src\main\java\com\qimian233\ztool\screens\systemui\lockscreen\LockScreenSettingsScreen.kt
realwatts_show_power,system_ui_lock_screen_realwatts_show_power,scope,app\src\main\java\com\qimian233\ztool\screens\systemui\lockscreen\LockScreenSettingsScreen.kt
realwatts_show_power_summary,system_ui_lock_screen_realwatts_show_power_summary,scope,app\src\main\java\com\qimian233\ztool\screens\systemui\lockscreen\LockScreenSettingsScreen.kt
realwatts_show_temperature,system_ui_lock_screen_realwatts_show_temperature,scope,app\src\main\java\com\qimian233\ztool\screens\systemui\lockscreen\LockScreenSettingsScreen.kt
realwatts_show_temperature_summary,system_ui_lock_screen_realwatts_show_temperature_summary,scope,app\src\main\java\com\qimian233\ztool\screens\systemui\lockscreen\LockScreenSettingsScreen.kt
realwatts_show_voltage,system_ui_lock_screen_realwatts_show_voltage,scope,app\src\main\java\com\qimian233\ztool\screens\systemui\lockscreen\LockScreenSettingsScreen.kt
realwatts_show_voltage_summary,system_ui_lock_screen_realwatts_show_voltage_summary,scope,app\src\main\java\com\qimian233\ztool\screens\systemui\lockscreen\LockScreenSettingsScreen.kt
reboot,page_home_reboot,page,app\src\main\java\com\qimian233\ztool\viewmodel\HomeViewModel.kt
reboot_confirm_message,page_home_reboot_confirm_message,page,app\src\main\java\com\qimian233\ztool\viewmodel\HomeViewModel.kt
reboot_confirm_title,page_home_reboot_confirm_title,page,app\src\main\java\com\qimian233\ztool\screens\home\HomeRoute.kt
reboot_failed,page_home_reboot_failed,page,app\src\main\java\com\qimian233\ztool\screens\home\HomeRoute.kt
reboot_success,page_home_reboot_success,page,app\src\main\java\com\qimian233\ztool\screens\home\HomeRoute.kt
recent_task,launcher_recent_task,scope,app\src\main\java\com\qimian233\ztool\screens\launcher\LauncherSettingsScreen.kt
recovery,page_home_recovery,page,app\src\main\java\com\qimian233\ztool\viewmodel\HomeViewModel.kt
recovery_confirm_message,page_home_recovery_confirm_message,page,app\src\main\java\com\qimian233\ztool\viewmodel\HomeViewModel.kt
refreshDexIndex,page_settings_refresh_dex_index,page,app\src\main\java\com\qimian233\ztool\screens\ztoolsettings\advanced\SettingsAdvancedRoute.kt
regex_error,system_ui_regex_error,scope,app\src\main\java\com\qimian233\ztool\data\systemui\LockScreenSettingsRepository.kt
regex_label,system_ui_lock_screen_regex_label,scope,app\src\main\java\com\qimian233\ztool\screens\systemui\lockscreen\LockScreenSettingsScreen.kt
regex_match_failed,system_ui_regex_match_failed,scope,app\src\main\java\com\qimian233\ztool\data\systemui\LockScreenSettingsRepository.kt
regex_match_result_prefix,system_ui_regex_match_result_prefix,scope,app\src\main\java\com\qimian233\ztool\data\systemui\LockScreenSettingsRepository.kt
regex_no_match_message,system_ui_regex_no_match_message,scope,app\src\main\java\com\qimian233\ztool\data\systemui\LockScreenSettingsRepository.kt
remove_failed_message,settings_remove_failed_message,scope,app\src\main\java\com\qimian233\ztool\screens\zuisetting\ZuiSettingsDetailScreen.kt
remove_hot_word_view,launcher_remove_hot_word_view,scope,app\src\main\java\com\qimian233\ztool\data\keys\PreferenceKeys.kt;app\src\main\java\com\qimian233\ztool\screens\launcher\LauncherSettingsScreen.kt
remove_search_recommend,launcher_remove_search_recommend,scope,app\src\main\java\com\qimian233\ztool\data\keys\PreferenceKeys.kt;app\src\main\java\com\qimian233\ztool\screens\launcher\LauncherSettingsScreen.kt
remove_success_message,settings_remove_success_message,scope,app\src\main\java\com\qimian233\ztool\screens\zuisetting\ZuiSettingsDetailScreen.kt
removing_module,settings_removing_module,scope,app\src\main\java\com\qimian233\ztool\screens\zuisetting\ZuiSettingsDetailScreen.kt
request_failed,system_ui_request_failed,scope,app\src\main\java\com\qimian233\ztool\data\systemui\LockScreenSettingsRepository.kt
request_usage_stats_permission,settings_request_usage_stats_permission,scope,app\src\main\java\com\qimian233\ztool\screens\zuisetting\ZuiSettingsDetailScreen.kt
response_body_prefix,system_ui_response_body_prefix,scope,app\src\main\java\com\qimian233\ztool\data\systemui\LockScreenSettingsRepository.kt
restartFail,common_restart_fail,common,app\src\main\java\com\qimian233\ztool\screens\mobiledesktop\MobileDesktopSettingsScreen.kt;app\src\main\java\com\qimian233\ztool\screens\systemui\animation\AnimationWallpaperSettingsScreen.kt;app\src\main\java\com\qimian233\ztool\screens\systemui\controlcenter\ControlCenterSettingsScreen.kt
restartSuccess,common_restart_success,common,app\src\main\java\com\qimian233\ztool\screens\mobiledesktop\MobileDesktopSettingsScreen.kt;app\src\main\java\com\qimian233\ztool\screens\systemui\animation\AnimationWallpaperSettingsScreen.kt;app\src\main\java\com\qimian233\ztool\screens\systemui\controlcenter\ControlCenterSettingsScreen.kt
restart_fail_prefix,common_restart_fail_prefix,common,app\src\main\java\com\qimian233\ztool\screens\safecenter\SafeCenterSettingsScreen.kt;app\src\main\java\com\qimian233\ztool\screens\systemframework\FrameworkSettingsScreen.kt
restart_fail_short,game_tool_restart_fail_short,scope,app\src\main\java\com\qimian233\ztool\screens\gametool\GameToolSettingsScreen.kt
restart_fail_simple,package_installer_restart_fail_simple,scope,app\src\main\java\com\qimian233\ztool\screens\packageinstaller\PackageInstallerSettingsScreen.kt
restart_failed,system_update_restart_failed,scope,app\src\main\java\com\qimian233\ztool\screens\ota\OtaSettingsScreen.kt
restart_no,common_restart_no,common,app\src\main\java\com\qimian233\ztool\screens\gametool\GameToolSettingsScreen.kt;app\src\main\java\com\qimian233\ztool\screens\launcher\LauncherSettingsScreen.kt;app\src\main\java\com\qimian233\ztool\screens\mobiledesktop\MobileDesktopSettingsScreen.kt
restart_system_button,page_home_restart_system_button,page,app\src\main\java\com\qimian233\ztool\screens\home\HomeRoute.kt
restart_system_message,system_framework_restart_system_message,scope,app\src\main\java\com\qimian233\ztool\screens\systemframework\FrameworkSettingsScreen.kt
restart_system_title,system_framework_restart_system_title,scope,app\src\main\java\com\qimian233\ztool\screens\systemframework\FrameworkSettingsScreen.kt
restart_xp_message,common_restart_xp_message,common,app\src\main\java\com\qimian233\ztool\screens\gametool\GameToolSettingsScreen.kt;app\src\main\java\com\qimian233\ztool\screens\launcher\LauncherSettingsScreen.kt;app\src\main\java\com\qimian233\ztool\screens\mobiledesktop\MobileDesktopSettingsScreen.kt
restart_xp_message_header,common_restart_xp_message_header,common,app\src\main\java\com\qimian233\ztool\screens\gametool\GameToolSettingsScreen.kt;app\src\main\java\com\qimian233\ztool\screens\launcher\LauncherSettingsScreen.kt;app\src\main\java\com\qimian233\ztool\screens\mobiledesktop\MobileDesktopSettingsScreen.kt
restart_xp_title,common_restart_xp_title,common,app\src\main\java\com\qimian233\ztool\screens\gametool\GameToolSettingsScreen.kt;app\src\main\java\com\qimian233\ztool\screens\launcher\LauncherSettingsScreen.kt;app\src\main\java\com\qimian233\ztool\screens\mobiledesktop\MobileDesktopSettingsScreen.kt
restart_yes,common_restart_yes,common,app\src\main\java\com\qimian233\ztool\screens\gametool\GameToolSettingsScreen.kt;app\src\main\java\com\qimian233\ztool\screens\launcher\LauncherSettingsScreen.kt;app\src\main\java\com\qimian233\ztool\screens\mobiledesktop\MobileDesktopSettingsScreen.kt
restoreConfigFromFile,page_settings_restore_config_from_file,page,app\src\main\java\com\qimian233\ztool\screens\ztoolsettings\SettingsRoute.kt
restoreDefaultConfig,page_settings_restore_default_config,page,app\src\main\java\com\qimian233\ztool\screens\ztoolsettings\SettingsRoute.kt
restoreModule,settings_restore_module,scope,app\src\main\java\com\qimian233\ztool\screens\zuisetting\ZuiSettingsDetailScreen.kt
restore_default_confirmation,page_settings_restore_default_confirmation,page,app\src\main\java\com\qimian233\ztool\screens\ztoolsettings\SettingsRoute.kt
restore_success_message,settings_restore_success_message,scope,app\src\main\java\com\qimian233\ztool\screens\zuisetting\ZuiSettingsDetailScreen.kt
restoring_module,settings_restoring_module,scope,app\src\main\java\com\qimian233\ztool\screens\zuisetting\ZuiSettingsDetailScreen.kt
return_to_app,settings_return_to_app,scope,app\src\main\java\com\qimian233\ztool\screens\zuisetting\floatingwindow\FloatingWindow.kt
romRegion,page_home_rom_region,page,app\src\main\java\com\qimian233\ztool\screens\home\HomeRoute.kt
root,page_home_root,page,app\src\main\java\com\qimian233\ztool\screens\home\HomeRoute.kt
safe_center_app_description,safe_center_app_description,skip,app\src\main\java\com\qimian233\ztool\screens\features\FeaturesRoute.kt
safe_center_app_name,safe_center_app_name,skip,app\src\main\java\com\qimian233\ztool\navigation\ZToolNavHost.kt;app\src\main\java\com\qimian233\ztool\screens\features\FeaturesRoute.kt
save,system_ui_common_save,scope,app\src\main\java\com\qimian233\ztool\screens\systemui\controlcenter\ControlCenterSettingsScreen.kt;app\src\main\java\com\qimian233\ztool\screens\systemui\statusbar\StatusBarSettingsScreen.kt
save_config_button,settings_save_config_button,scope,app\src\main\java\com\qimian233\ztool\screens\zuisetting\floatingwindow\FloatingWindow.kt
save_configuration_button,system_ui_lock_screen_save_configuration_button,scope,app\src\main\java\com\qimian233\ztool\screens\systemui\lockscreen\LockScreenSettingsScreen.kt
save_failed_message,system_ui_status_bar_save_failed_message,scope,app\src\main\java\com\qimian233\ztool\screens\systemui\statusbar\StatusBarSettingsScreen.kt
save_success_message,settings_save_success_message,scope,app\src\main\java\com\qimian233\ztool\screens\zuisetting\ZuiSettingsDetailScreen.kt
save_success_title,system_ui_common_save_success_title,scope,app\src\main\java\com\qimian233\ztool\screens\systemui\controlcenter\ControlCenterSettingsScreen.kt;app\src\main\java\com\qimian233\ztool\screens\systemui\statusbar\StatusBarSettingsScreen.kt
saving_config,settings_saving_config,scope,app\src\main\java\com\qimian233\ztool\screens\zuisetting\ZuiSettingsDetailScreen.kt
scope_request_dialog_message,page_features_scope_request_dialog_message,page,app\src\main\java\com\qimian233\ztool\screens\features\FeaturesRoute.kt
scope_request_fail_message,page_features_scope_request_fail_message,page,app\src\main\java\com\qimian233\ztool\screens\features\FeaturesRoute.kt
screen_on_off_animation_duration,system_framework_screen_on_off_animation_duration,scope,app\src\main\java\com\qimian233\ztool\screens\systemframework\FrameworkSettingsScreen.kt
sec_title_function,common_sec_title_function,common,app\src\main\java\com\qimian233\ztool\screens\packageinstaller\PackageInstallerSettingsScreen.kt;app\src\main\java\com\qimian233\ztool\screens\safecenter\SafeCenterSettingsScreen.kt
select_config_files,settings_select_config_files,scope,app\src\main\java\com\qimian233\ztool\screens\zuisetting\ZuiSettingsDetailScreen.kt
select_font_color_title,system_ui_common_select_font_color_title,scope,app\src\main\java\com\qimian233\ztool\screens\systemui\controlcenter\ControlCenterSettingsScreen.kt;app\src\main\java\com\qimian233\ztool\screens\systemui\statusbar\StatusBarSettingsScreen.kt
select_ttf_file,settings_select_ttf_file,scope,app\src\main\java\com\qimian233\ztool\screens\zuisetting\ZuiSettingsDetailScreen.kt
set_main_page_title,settings_set_main_page_title,scope,app\src\main\java\com\qimian233\ztool\screens\zuisetting\floatingwindow\FloatingWindow.kt
settingsFragment_title,page_settings_title,page,app\src\main\java\com\qimian233\ztool\screens\ztoolsettings\SettingsRoute.kt
settings_app_description,settings_app_description,skip,app\src\main\java\com\qimian233\ztool\screens\features\FeaturesRoute.kt
settings_app_name,settings_app_name,skip,app\src\main\java\com\qimian233\ztool\navigation\ZToolNavHost.kt;app\src\main\java\com\qimian233\ztool\screens\features\FeaturesRoute.kt
shouldStopMainActivity,settings_should_stop_main_activity,scope,app\src\main\java\com\qimian233\ztool\screens\zuisetting\floatingwindow\FloatingWindow.kt
showAboutPage,page_settings_show_about_page,page,app\src\main\java\com\qimian233\ztool\screens\ztoolsettings\SettingsRoute.kt
showEmbeddingDivider,settings_show_embedding_divider,scope,app\src\main\java\com\qimian233\ztool\screens\zuisetting\floatingwindow\FloatingWindow.kt
show_brightness_slider_percentage,system_ui_control_center_show_brightness_slider_percentage,scope,app\src\main\java\com\qimian233\ztool\screens\systemui\controlcenter\ControlCenterSettingsScreen.kt
show_ram_info,launcher_show_ram_info,scope,app\src\main\java\com\qimian233\ztool\screens\launcher\LauncherSettingsScreen.kt
show_ram_info_summary,launcher_show_ram_info_summary,scope,app\src\main\java\com\qimian233\ztool\screens\launcher\LauncherSettingsScreen.kt
show_surface_view_bg,settings_show_surface_view_bg,scope,app\src\main\java\com\qimian233\ztool\screens\zuisetting\magicwindowsearch\searchPage.kt
show_volume_slider_percentage,system_ui_control_center_show_volume_slider_percentage,scope,app\src\main\java\com\qimian233\ztool\screens\systemui\controlcenter\ControlCenterSettingsScreen.kt
skipLetterBoxToDisplay,settings_skip_letter_box_to_display,scope,app\src\main\java\com\qimian233\ztool\screens\zuisetting\floatingwindow\FloatingWindow.kt
skipMultiWindowMode,settings_skip_multi_window_mode_title,scope,app\src\main\java\com\qimian233\ztool\screens\zuisetting\floatingwindow\FloatingWindow.kt
skip_letterbox_display,settings_skip_letterbox_display,scope,app\src\main\java\com\qimian233\ztool\screens\zuisetting\magicwindowsearch\searchPage.kt
skip_multi_window_mode,settings_skip_multi_window_mode_label,scope,app\src\main\java\com\qimian233\ztool\screens\zuisetting\magicwindowsearch\searchPage.kt
skip_nearby_exposure_warn,mobile_desktop_skip_nearby_exposure_warn,scope,app\src\main\java\com\qimian233\ztool\screens\mobiledesktop\MobileDesktopSettingsScreen.kt
skip_nearby_exposure_warn_summary,mobile_desktop_skip_nearby_exposure_warn_summary,scope,app\src\main\java\com\qimian233\ztool\screens\mobiledesktop\MobileDesktopSettingsScreen.kt
skip_warn_page_summary,package_installer_skip_warn_page_summary,scope,app\src\main\java\com\qimian233\ztool\screens\packageinstaller\PackageInstallerSettingsScreen.kt
skip_warn_page_title,package_installer_skip_warn_page_title,scope,app\src\main\java\com\qimian233\ztool\screens\packageinstaller\PackageInstallerSettingsScreen.kt
slider_style_direction_title,system_ui_control_center_slider_style_direction_title,scope,app\src\main\java\com\qimian233\ztool\screens\systemui\controlcenter\ControlCenterSettingsScreen.kt
slider_style_forced_by_qs_panel,system_ui_control_center_slider_style_forced_by_qs_panel,scope,app\src\main\java\com\qimian233\ztool\screens\systemui\controlcenter\ControlCenterSettingsScreen.kt
slider_style_horizontal,system_ui_control_center_slider_style_horizontal,scope,app\src\main\java\com\qimian233\ztool\screens\systemui\controlcenter\ControlCenterSettingsScreen.kt
slider_style_vertical,system_ui_control_center_slider_style_vertical,scope,app\src\main\java\com\qimian233\ztool\screens\systemui\controlcenter\ControlCenterSettingsScreen.kt
slot_a,page_home_slot_a,page,app\src\main\java\com\qimian233\ztool\data\home\HomeRepository.kt
slot_b,page_home_slot_b,page,app\src\main\java\com\qimian233\ztool\data\home\HomeRepository.kt
soft_reboot,page_home_soft_reboot,page,app\src\main\java\com\qimian233\ztool\viewmodel\HomeViewModel.kt
soft_reboot_confirm_message,page_home_soft_reboot_confirm_message,page,app\src\main\java\com\qimian233\ztool\viewmodel\HomeViewModel.kt
sp_unit,system_ui_common_sp_unit,scope,app\src\main\java\com\qimian233\ztool\screens\systemui\controlcenter\ControlCenterSettingsScreen.kt;app\src\main\java\com\qimian233\ztool\screens\systemui\statusbar\StatusBarSettingsScreen.kt
splash_logo_description,common_splash_logo_description,common,app\src\main\java\com\qimian233\ztool\screens\ztoolsettings\about\SettingsAboutRoute.kt;app\src\main\java\com\qimian233\ztool\ui\firstrun\FirstrunAgreementRoute.kt
splash_slogan,common_splash_slogan,common,app\src\main\AndroidManifest.xml;app\src\main\java\com\qimian233\ztool\screens\ztoolsettings\about\SettingsAboutRoute.kt;app\src\main\java\com\qimian233\ztool\ui\firstrun\FirstrunAgreementRoute.kt
splash_welcome_text,page_firstrun_splash_welcome_text,page,app\src\main\java\com\qimian233\ztool\ui\firstrun\FirstrunAgreementRoute.kt
split_screen_config_header,settings_split_screen_config_header,scope,app\src\main\java\com\qimian233\ztool\screens\zuisetting\magicwindowsearch\searchPage.kt
statusBarBatteryTitle,system_ui_status_bar_battery_title,scope,app\src\main\java\com\qimian233\ztool\screens\systemui\statusbar\StatusBarSettingsScreen.kt
statusBarNetworkHideBothSummary,system_ui_status_bar_network_hide_both_summary,scope,app\src\main\java\com\qimian233\ztool\screens\systemui\statusbar\StatusBarSettingsScreen.kt
statusBarNetworkHideBothTitle,system_ui_status_bar_network_hide_both_title,scope,app\src\main\java\com\qimian233\ztool\screens\systemui\statusbar\StatusBarSettingsScreen.kt
statusBarNetworkHideSlowSummary,system_ui_status_bar_network_hide_slow_summary,scope,app\src\main\java\com\qimian233\ztool\screens\systemui\statusbar\StatusBarSettingsScreen.kt
statusBarNetworkHideSlowTitle,system_ui_status_bar_network_hide_slow_title,scope,app\src\main\java\com\qimian233\ztool\screens\systemui\statusbar\StatusBarSettingsScreen.kt
statusBarNetworkHideThresholdTitle,system_ui_status_bar_network_hide_threshold_title,scope,app\src\main\java\com\qimian233\ztool\screens\systemui\statusbar\StatusBarSettingsScreen.kt
statusBarNetworkRefreshIntervalTitle,system_ui_status_bar_network_refresh_interval_title,scope,app\src\main\java\com\qimian233\ztool\screens\systemui\statusbar\StatusBarSettingsScreen.kt
statusBarNetworkRefreshSummary,system_ui_status_bar_network_refresh_summary,scope,app\src\main\java\com\qimian233\ztool\screens\systemui\statusbar\StatusBarSettingsScreen.kt
statusBarNetworkRefreshTitle,system_ui_status_bar_network_refresh_title,scope,app\src\main\java\com\qimian233\ztool\screens\systemui\statusbar\StatusBarSettingsScreen.kt
statusBarNetworkSizeDoubleLayer,system_ui_status_bar_network_size_double_layer,scope,app\src\main\java\com\qimian233\ztool\screens\systemui\statusbar\StatusBarSettingsScreen.kt
statusBarNetworkSizeDoubleLayerSummary,system_ui_status_bar_network_size_double_layer_summary,scope,app\src\main\java\com\qimian233\ztool\screens\systemui\statusbar\StatusBarSettingsScreen.kt
statusBarNetworkSizeSummary,system_ui_status_bar_network_size_summary,scope,app\src\main\java\com\qimian233\ztool\screens\systemui\statusbar\StatusBarSettingsScreen.kt
statusBarNetworkSizeTitle,system_ui_status_bar_network_size_title,scope,app\src\main\java\com\qimian233\ztool\screens\systemui\statusbar\StatusBarSettingsScreen.kt
statusBarNetworkTitle,system_ui_status_bar_network_title,scope,app\src\main\java\com\qimian233\ztool\screens\systemui\statusbar\StatusBarSettingsScreen.kt
statusBarSettingSummary,system_ui_status_bar_setting_summary,scope,app\src\main\java\com\qimian233\ztool\screens\systemui\SystemUISettingsScreen.kt
statusBarSettingTitle,system_ui_status_bar_setting_title,scope,app\src\main\java\com\qimian233\ztool\screens\systemui\SystemUISettingsScreen.kt
status_bar_clock_settings_title,system_ui_status_bar_clock_settings_title,scope,app\src\main\java\com\qimian233\ztool\screens\systemui\statusbar\StatusBarSettingsScreen.kt
status_bar_notification_settings_title,system_ui_status_bar_notification_settings_title,scope,app\src\main\java\com\qimian233\ztool\screens\systemui\statusbar\StatusBarSettingsScreen.kt
status_bar_settings_title_suffix,system_ui_status_bar_title_suffix,scope,app\src\main\java\com\qimian233\ztool\navigation\ZToolNavHost.kt
step_1_instruction,settings_step_1_instruction,scope,app\src\main\java\com\qimian233\ztool\screens\zuisetting\floatingwindow\FloatingWindow.kt
step_2_instruction,settings_step_2_instruction,scope,app\src\main\java\com\qimian233\ztool\screens\zuisetting\floatingwindow\FloatingWindow.kt
step_3_instruction,settings_step_3_instruction,scope,app\src\main\java\com\qimian233\ztool\screens\zuisetting\floatingwindow\FloatingWindow.kt
step_4_instruction,settings_step_4_instruction,scope,app\src\main\java\com\qimian233\ztool\screens\zuisetting\floatingwindow\FloatingWindow.kt
step_complete_instruction,settings_step_complete_instruction,scope,app\src\main\java\com\qimian233\ztool\screens\zuisetting\floatingwindow\FloatingWindow.kt
success_title,settings_success_title,scope,app\src\main\java\com\qimian233\ztool\screens\zuisetting\ZuiSettingsDetailScreen.kt
super_connect_scope_title,mobile_desktop_super_connect_scope_title,scope,app\src\main\java\com\qimian233\ztool\screens\mobiledesktop\MobileDesktopSettingsScreen.kt
syatusBatteryExternalSummary,system_ui_status_bar_syatus_battery_external_summary,scope,app\src\main\java\com\qimian233\ztool\screens\systemui\statusbar\StatusBarSettingsScreen.kt
syatusBatteryExternalTitle,system_ui_status_bar_syatus_battery_external_title,scope,app\src\main\java\com\qimian233\ztool\screens\systemui\statusbar\StatusBarSettingsScreen.kt
systemUIMisc,system_ui_common_misc,scope,app\src\main\java\com\qimian233\ztool\navigation\ZToolNavHost.kt;app\src\main\java\com\qimian233\ztool\screens\systemui\misc\SystemUiMiscSettingsScreen.kt;app\src\main\java\com\qimian233\ztool\screens\systemui\SystemUISettingsScreen.kt
system_framework_app_description,system_framework_app_description,skip,app\src\main\java\com\qimian233\ztool\screens\features\FeaturesRoute.kt
system_framework_app_name,system_framework_app_name,skip,app\src\main\java\com\qimian233\ztool\navigation\ZToolNavHost.kt;app\src\main\java\com\qimian233\ztool\screens\features\FeaturesRoute.kt
system_ui_app_description,system_ui_app_description,skip,app\src\main\java\com\qimian233\ztool\screens\features\FeaturesRoute.kt
system_ui_app_name,system_ui_app_name,skip,app\src\main\java\com\qimian233\ztool\navigation\ZToolNavHost.kt;app\src\main\java\com\qimian233\ztool\screens\features\FeaturesRoute.kt
system_update_app_description,system_update_app_description,skip,app\src\main\java\com\qimian233\ztool\screens\features\FeaturesRoute.kt
system_update_app_name,system_update_app_name,skip,app\src\main\java\com\qimian233\ztool\navigation\ZToolNavHost.kt;app\src\main\java\com\qimian233\ztool\screens\features\FeaturesRoute.kt
systemui_root_permission_required_message,system_ui_lock_screen_root_permission_required_message,scope,app\src\main\java\com\qimian233\ztool\screens\systemui\lockscreen\LockScreenSettingsScreen.kt
test,system_ui_lock_screen_test,scope,app\src\main\java\com\qimian233\ztool\screens\systemui\lockscreen\LockScreenSettingsScreen.kt
test_success,system_ui_test_success,scope,app\src\main\java\com\qimian233\ztool\data\systemui\LockScreenSettingsRepository.kt
testing_api_connection,system_ui_lock_screen_testing_api_connection,scope,app\src\main\java\com\qimian233\ztool\screens\systemui\lockscreen\LockScreenSettingsScreen.kt
text_bold_title,system_ui_status_bar_text_bold_title,scope,app\src\main\java\com\qimian233\ztool\screens\systemui\statusbar\StatusBarSettingsScreen.kt
text_color_title,system_ui_status_bar_text_color_title,scope,app\src\main\java\com\qimian233\ztool\screens\systemui\statusbar\StatusBarSettingsScreen.kt
text_size_title,system_ui_status_bar_text_size_title,scope,app\src\main\java\com\qimian233\ztool\screens\systemui\statusbar\StatusBarSettingsScreen.kt
theme_mode_dark,page_settings_theme_mode_dark,page,app\src\main\java\com\qimian233\ztool\screens\ztoolsettings\theme\ThemeSettingsRoute.kt
theme_mode_follow_system,page_settings_theme_mode_follow_system,page,app\src\main\java\com\qimian233\ztool\screens\ztoolsettings\theme\ThemeSettingsRoute.kt
theme_mode_light,page_settings_theme_mode_light,page,app\src\main\java\com\qimian233\ztool\screens\ztoolsettings\theme\ThemeSettingsRoute.kt
theme_mode_title,page_settings_theme_mode_title,page,app\src\main\java\com\qimian233\ztool\screens\ztoolsettings\theme\ThemeSettingsRoute.kt
tip_title,settings_tip_title,scope,app\src\main\java\com\qimian233\ztool\screens\zuisetting\ZuiSettingsDetailScreen.kt
tooltip_content_description,system_ui_common_tooltip_content_description,scope,app\src\main\java\com\qimian233\ztool\screens\systemui\controlcenter\ControlCenterSettingsScreen.kt;app\src\main\java\com\qimian233\ztool\screens\systemui\lockscreen\LockScreenSettingsScreen.kt
transparent_activities,settings_transparent_activities,scope,app\src\main\java\com\qimian233\ztool\screens\zuisetting\magicwindowsearch\searchPage.kt
unable_to_find_application,settings_unable_to_find_application,scope,app\src\main\java\com\qimian233\ztool\screens\zuisetting\magicwindowsearch\searchPage.kt
unknown,common_unknown,common,app\build.gradle.kts;app\src\main\java\com\qimian233\ztool\data\advanced\AdvancedSettingsRepository.kt;app\src\main\java\com\qimian233\ztool\data\home\HomeRepository.kt
unknown_font_filename,settings_unknown_font_filename,scope,app\src\main\java\com\qimian233\ztool\screens\zuisetting\ZuiSettingsDetailScreen.kt
unknown_framework,page_home_unknown_framework,page,app\src\main\java\com\qimian233\ztool\data\home\HomeRepository.kt
unknown_root_available,page_home_unknown_root_available,page,app\src\main\java\com\qimian233\ztool\data\home\HomeRepository.kt
updateLog,system_update_update_log,scope,app\src\main\java\com\qimian233\ztool\screens\ota\OtaSettingsScreen.kt
update_available_title,page_home_update_available_title,page,app\src\main\java\com\qimian233\ztool\screens\home\HomeRoute.kt
update_available_version_format,page_settings_update_available_version_format,page,app\src\main\java\com\qimian233\ztool\screens\ztoolsettings\about\SettingsAboutRoute.kt
update_button_ignore,page_home_update_button_ignore,page,app\src\main\java\com\qimian233\ztool\screens\home\HomeRoute.kt
update_button_update,page_home_update_button_update,page,app\src\main\java\com\qimian233\ztool\screens\home\HomeRoute.kt
update_ignore_toast,page_home_update_ignore_toast,page,app\src\main\java\com\qimian233\ztool\screens\home\HomeRoute.kt
useBoldDate,system_ui_control_center_use_bold_date,scope,app\src\main\java\com\qimian233\ztool\screens\systemui\controlcenter\ControlCenterSettingsScreen.kt
version,page_home_version,page,app\src\main\java\com\qimian233\ztool\screens\home\HomeRoute.kt
version_info_format,system_update_version_info_format,scope,app\src\main\java\com\qimian233\ztool\screens\ota\OtaSettingsScreen.kt
watt_option_actual,system_ui_common_watt_option_actual,scope,app\src\main\java\com\qimian233\ztool\data\systemui\LockScreenSettingsRepository.kt;app\src\main\java\com\qimian233\ztool\screens\systemui\lockscreen\LockScreenSettingsScreen.kt
watt_option_disabled,system_ui_watt_option_disabled,scope,app\src\main\java\com\qimian233\ztool\data\systemui\LockScreenSettingsRepository.kt
watt_option_handshake,system_ui_watt_option_handshake,scope,app\src\main\java\com\qimian233\ztool\data\systemui\LockScreenSettingsRepository.kt
welcome_message,settings_welcome_message,scope,app\src\main\java\com\qimian233\ztool\screens\zuisetting\floatingwindow\FloatingWindow.kt
whitelist_config_title,game_tool_whitelist_config_title,scope,app\src\main\java\com\qimian233\ztool\screens\gametool\GameToolSettingsScreen.kt
whitelist_count,game_tool_whitelist_count,scope,app\src\main\java\com\qimian233\ztool\screens\gametool\GameToolSettingsScreen.kt
ztool_batch_uninstall_button,ztool_batch_uninstall_button,skip,app\src\main\java\com\qimian233\ztool\hook\modules\launcher\misc\BatchUninstall.kt
ztool_batch_uninstall_dialog_message,ztool_batch_uninstall_dialog_message,skip,app\src\main\java\com\qimian233\ztool\hook\modules\launcher\misc\BatchUninstall.kt
ztool_batch_uninstall_dialog_title,ztool_batch_uninstall_dialog_title,skip,app\src\main\java\com\qimian233\ztool\hook\modules\launcher\misc\BatchUninstall.kt
ztool_batch_uninstall_dispatch_failed,ztool_batch_uninstall_dispatch_failed,skip,app\src\main\java\com\qimian233\ztool\hook\modules\launcher\misc\BatchUninstall.kt
ztool_batch_uninstall_no_apps,ztool_batch_uninstall_no_apps,skip,app\src\main\java\com\qimian233\ztool\hook\modules\launcher\misc\BatchUninstall.kt
zui_force_config_summary,settings_zui_force_config_summary,scope,app\src\main\java\com\qimian233\ztool\screens\zuisetting\ZuiSettingsDetailScreen.kt
zui_force_config_title,settings_zui_force_config_title,scope,app\src\main\java\com\qimian233\ztool\screens\zuisetting\ZuiSettingsDetailScreen.kt
zui_force_fixed_summary,settings_zui_force_fixed_summary,scope,app\src\main\java\com\qimian233\ztool\screens\zuisetting\ZuiSettingsDetailScreen.kt
zui_force_fixed_title,settings_zui_force_fixed_title,scope,app\src\main\java\com\qimian233\ztool\screens\zuisetting\ZuiSettingsDetailScreen.kt
zui_force_freeform_summary,settings_zui_force_freeform_summary,scope,app\src\main\java\com\qimian233\ztool\screens\zuisetting\ZuiSettingsDetailScreen.kt
zui_force_freeform_title,settings_zui_force_freeform_title,scope,app\src\main\java\com\qimian233\ztool\screens\zuisetting\ZuiSettingsDetailScreen.kt
zui_force_split_summary,settings_zui_force_split_summary,scope,app\src\main\java\com\qimian233\ztool\screens\zuisetting\ZuiSettingsDetailScreen.kt
zui_force_split_title,settings_zui_force_split_title,scope,app\src\main\java\com\qimian233\ztool\screens\zuisetting\ZuiSettingsDetailScreen.kt
